timestamp,ticker,action,quantity,price,status,note
2025-07-22T01:26:30.294894,AAPL,HOLD,0,,SKIPPED,No action
2025-07-22T01:26:30.295419,AMD,HOLD,0,,SKIPPED,No action
2025-07-22T01:26:30.295827,AMZN,HOLD,0,,SKIPPED,No action
2025-07-22T01:26:30.296175,GOOGL,HOLD,0,,SKIPPED,No action
2025-07-22T01:26:30.296485,META,HOLD,0,,SKIPPED,No action
2025-07-22T01:26:30.296804,MSFT,HOLD,0,,SKIPPED,No action
2025-07-22T01:26:30.297169,NFLX,HOLD,0,,SKIPPED,No action
2025-07-22T01:26:30.297595,NVDA,HOLD,0,,SKIPPED,No action
2025-07-22T01:26:30.297987,SPY,HOLD,0,,SKIPPED,No action
2025-07-22T01:26:30.298325,TSLA,HOLD,0,,SKIPPED,No action
2025-07-22T01:33:38.905719,AAPL,HOLD,0,,SKIPPED,No action
2025-07-22T01:33:38.906226,AMD,HOLD,0,,SKIPPED,No action
2025-07-22T01:33:38.906577,AMZN,HOLD,0,,SKIPPED,No action
2025-07-22T01:33:38.906884,GOOGL,HOLD,0,,SKIPPED,No action
2025-07-22T01:33:38.907181,META,BUY,1,,SIMULATED,Would BUY
2025-07-22T01:33:38.907510,MSFT,HOLD,0,,SKIPPED,No action
2025-07-22T01:33:38.907810,NFLX,BUY,1,,SIMULATED,Would BUY
2025-07-22T01:33:38.908140,NVDA,SELL,0,,SKIPPED,No position
2025-07-22T01:33:39.910236,SPY,HOLD,0,,SKIPPED,No action
2025-07-22T01:33:39.910843,TSLA,SELL,0,,SKIPPED,No position
2025-07-22T01:44:13.503091+00:00,AAPL,HOLD,0,,SKIPPED,No action
2025-07-22T01:44:13.503467+00:00,AMD,HOLD,0,,SKIPPED,No action
2025-07-22T01:44:13.503800+00:00,AMZN,HOLD,0,,SKIPPED,No action
2025-07-22T01:44:13.504104+00:00,GOOGL,HOLD,0,,SKIPPED,No action
2025-07-22T01:44:13.504416+00:00,META,BUY,1,,SIMULATED,Would BUY
2025-07-22T01:44:13.504789+00:00,MSFT,HOLD,0,,SKIPPED,No action
2025-07-22T01:44:13.505088+00:00,NFLX,BUY,1,,SIMULATED,Would BUY
2025-07-22T01:44:13.505362+00:00,NVDA,SELL,0,,SKIPPED,No position
2025-07-22T01:44:14.065832+00:00,SPY,HOLD,0,,SKIPPED,No action
2025-07-22T01:44:14.066135+00:00,TSLA,SELL,0,,SKIPPED,No position
2025-08-01T02:04:08.693362+00:00,AAPL,HOLD,0,,SKIPPED,No action
2025-08-01T02:04:08.693698+00:00,AMD,HOLD,0,,SKIPPED,No action
2025-08-01T02:04:08.694019+00:00,AMZN,HOLD,0,,SKIPPED,No action
2025-08-01T02:04:08.694384+00:00,ARKK,HOLD,0,,SKIPPED,No action
2025-08-01T02:04:08.694708+00:00,BITO,SELL,0,,SKIPPED,No position
2025-08-01T02:04:09.535788+00:00,DBA,HOLD,0,,SKIPPED,No action
2025-08-01T02:04:09.536143+00:00,DIA,HOLD,0,,SKIPPED,No action
2025-08-01T02:04:09.536434+00:00,GBTC,HOLD,0,,SKIPPED,No action
2025-08-01T02:04:09.536805+00:00,GLD,HOLD,0,,SKIPPED,No action
2025-08-01T02:04:09.537181+00:00,GOOGL,HOLD,0,,SKIPPED,No action
2025-08-01T02:04:09.537531+00:00,IWM,HOLD,0,,SKIPPED,No action
2025-08-01T02:04:09.537833+00:00,META,BUY,0,,FAILED,insufficient buying power
2025-08-01T02:04:09.650176+00:00,MSFT,HOLD,0,,SKIPPED,No action
2025-08-01T02:04:09.650573+00:00,NFLX,BUY,0,,FAILED,insufficient buying power
2025-08-01T02:04:09.791842+00:00,NVDA,SELL,0,,SKIPPED,No position
2025-08-01T02:04:09.881771+00:00,QQQ,HOLD,0,,SKIPPED,No action
2025-08-01T02:04:09.882201+00:00,SLV,HOLD,0,,SKIPPED,No action
2025-08-01T02:04:09.882533+00:00,SPY,HOLD,0,,SKIPPED,No action
2025-08-01T02:04:09.882807+00:00,TSLA,SELL,0,,SKIPPED,No position
2025-08-01T02:04:09.983871+00:00,UNG,BUY,0,,FAILED,insufficient buying power
2025-08-01T02:04:10.095530+00:00,USO,SELL,0,,SKIPPED,No position
2025-08-01T02:04:10.189843+00:00,VOO,HOLD,0,,SKIPPED,No action
2025-08-01T02:04:10.190358+00:00,VTI,HOLD,0,,SKIPPED,No action
2025-08-01T02:04:10.190851+00:00,XLB,HOLD,0,,SKIPPED,No action
2025-08-01T02:04:10.191251+00:00,XLE,HOLD,0,,SKIPPED,No action
2025-08-01T02:04:10.191600+00:00,XLF,HOLD,0,,SKIPPED,No action
2025-08-01T02:04:10.191961+00:00,XLI,HOLD,0,,SKIPPED,No action
2025-08-01T02:04:10.192275+00:00,XLK,HOLD,0,,SKIPPED,No action
2025-08-01T02:04:10.192744+00:00,XLP,HOLD,0,,SKIPPED,No action
2025-08-01T02:04:10.193108+00:00,XLRE,HOLD,0,,SKIPPED,No action
2025-08-01T02:04:10.193536+00:00,XLU,HOLD,0,,SKIPPED,No action
2025-08-01T02:04:10.193955+00:00,XLV,HOLD,0,,SKIPPED,No action
2025-08-01T02:04:10.194288+00:00,XLY,HOLD,0,,SKIPPED,No action
2025-08-01T02:11:02.756590+00:00,AAPL,HOLD,0,,SKIPPED,No action
2025-08-01T02:11:02.756993+00:00,AMD,HOLD,0,,SKIPPED,No action
2025-08-01T02:11:02.757298+00:00,AMZN,HOLD,0,,SKIPPED,No action
2025-08-01T02:11:02.757707+00:00,ARKK,HOLD,0,,SKIPPED,No action
2025-08-01T02:11:02.758131+00:00,BITO,SELL,0,,SKIPPED,No position to sell
2025-08-01T02:11:02.836655+00:00,DBA,HOLD,0,,SKIPPED,No action
2025-08-01T02:11:02.837032+00:00,DIA,HOLD,0,,SKIPPED,No action
2025-08-01T02:11:02.837360+00:00,GBTC,HOLD,0,,SKIPPED,No action
2025-08-01T02:11:02.837679+00:00,GLD,HOLD,0,,SKIPPED,No action
2025-08-01T02:11:02.838058+00:00,GOOGL,HOLD,0,,SKIPPED,No action
2025-08-01T02:11:02.838413+00:00,IWM,HOLD,0,,SKIPPED,No action
2025-08-01T02:11:02.838760+00:00,META,BUY,0,,FAILED,'REST' object has no attribute 'get_last_trade'
2025-08-01T02:11:02.839106+00:00,MSFT,HOLD,0,,SKIPPED,No action
2025-08-01T02:11:02.839418+00:00,NFLX,BUY,0,,FAILED,'REST' object has no attribute 'get_last_trade'
2025-08-01T02:11:02.839770+00:00,NVDA,SELL,0,,SKIPPED,No position to sell
2025-08-01T02:11:02.926614+00:00,QQQ,HOLD,0,,SKIPPED,No action
2025-08-01T02:11:02.926967+00:00,SLV,HOLD,0,,SKIPPED,No action
2025-08-01T02:11:02.927337+00:00,SPY,HOLD,0,,SKIPPED,No action
2025-08-01T02:11:02.927691+00:00,TSLA,SELL,0,,SKIPPED,No position to sell
2025-08-01T02:11:03.001363+00:00,UNG,BUY,0,,FAILED,'REST' object has no attribute 'get_last_trade'
2025-08-01T02:11:03.001801+00:00,USO,SELL,0,,SKIPPED,No position to sell
2025-08-01T02:11:03.073146+00:00,VOO,HOLD,0,,SKIPPED,No action
2025-08-01T02:11:03.073500+00:00,VTI,HOLD,0,,SKIPPED,No action
2025-08-01T02:11:03.073780+00:00,XLB,HOLD,0,,SKIPPED,No action
2025-08-01T02:11:03.074127+00:00,XLE,HOLD,0,,SKIPPED,No action
2025-08-01T02:11:03.074505+00:00,XLF,HOLD,0,,SKIPPED,No action
2025-08-01T02:11:03.074854+00:00,XLI,HOLD,0,,SKIPPED,No action
2025-08-01T02:11:03.075193+00:00,XLK,HOLD,0,,SKIPPED,No action
2025-08-01T02:11:03.075463+00:00,XLP,HOLD,0,,SKIPPED,No action
2025-08-01T02:11:03.075795+00:00,XLRE,HOLD,0,,SKIPPED,No action
2025-08-01T02:11:03.076168+00:00,XLU,HOLD,0,,SKIPPED,No action
2025-08-01T02:11:03.076521+00:00,XLV,HOLD,0,,SKIPPED,No action
2025-08-01T02:11:03.076841+00:00,XLY,HOLD,0,,SKIPPED,No action
2025-08-01T02:16:06.426484+00:00,AAPL,HOLD,0,,SKIPPED,No action
2025-08-01T02:16:06.426907+00:00,AMD,HOLD,0,,SKIPPED,No action
2025-08-01T02:16:06.427282+00:00,AMZN,HOLD,0,,SKIPPED,No action
2025-08-01T02:16:06.427722+00:00,ARKK,HOLD,0,,SKIPPED,No action
2025-08-01T02:16:06.428108+00:00,BITO,SELL,0,,SKIPPED,No position
2025-08-01T02:16:06.500421+00:00,DBA,HOLD,0,,SKIPPED,No action
2025-08-01T02:16:06.500752+00:00,DIA,HOLD,0,,SKIPPED,No action
2025-08-01T02:16:06.501047+00:00,GBTC,HOLD,0,,SKIPPED,No action
2025-08-01T02:16:06.501406+00:00,GLD,HOLD,0,,SKIPPED,No action
2025-08-01T02:16:06.501746+00:00,GOOGL,HOLD,0,,SKIPPED,No action
2025-08-01T02:16:06.502056+00:00,IWM,HOLD,0,,SKIPPED,No action
2025-08-01T02:16:06.502391+00:00,META,BUY,0,,FAILED,insufficient buying power
2025-08-01T02:16:06.502733+00:00,MSFT,HOLD,0,,SKIPPED,No action
2025-08-01T02:16:06.503052+00:00,NFLX,BUY,0,,FAILED,insufficient buying power
2025-08-01T02:16:06.503412+00:00,NVDA,SELL,0,,SKIPPED,No position
2025-08-01T02:16:06.583127+00:00,QQQ,HOLD,0,,SKIPPED,No action
2025-08-01T02:16:06.583495+00:00,SLV,HOLD,0,,SKIPPED,No action
2025-08-01T02:16:06.583790+00:00,SPY,HOLD,0,,SKIPPED,No action
2025-08-01T02:16:06.584059+00:00,TSLA,SELL,0,,SKIPPED,No position
2025-08-01T02:16:06.657756+00:00,UNG,BUY,0,,FAILED,insufficient buying power
2025-08-01T02:16:06.658084+00:00,USO,SELL,0,,SKIPPED,No position
2025-08-01T02:16:06.731280+00:00,VOO,HOLD,0,,SKIPPED,No action
2025-08-01T02:16:06.731623+00:00,VTI,HOLD,0,,SKIPPED,No action
2025-08-01T02:16:06.731986+00:00,XLB,HOLD,0,,SKIPPED,No action
2025-08-01T02:16:06.732290+00:00,XLE,HOLD,0,,SKIPPED,No action
2025-08-01T02:16:06.732596+00:00,XLF,HOLD,0,,SKIPPED,No action
2025-08-01T02:16:06.732959+00:00,XLI,HOLD,0,,SKIPPED,No action
2025-08-01T02:16:06.733246+00:00,XLK,HOLD,0,,SKIPPED,No action
2025-08-01T02:16:06.733591+00:00,XLP,HOLD,0,,SKIPPED,No action
2025-08-01T02:16:06.733939+00:00,XLRE,HOLD,0,,SKIPPED,No action
2025-08-01T02:16:06.734260+00:00,XLU,HOLD,0,,SKIPPED,No action
2025-08-01T02:16:06.734604+00:00,XLV,HOLD,0,,SKIPPED,No action
2025-08-01T02:16:06.734941+00:00,XLY,HOLD,0,,SKIPPED,No action
2025-08-01T02:51:04.825539+00:00,AAPL,HOLD,0,,SKIPPED,No action
2025-08-01T02:51:04.825881+00:00,AMD,HOLD,0,,SKIPPED,No action
2025-08-01T02:51:04.826370+00:00,AMZN,HOLD,0,,SKIPPED,No action
2025-08-01T02:51:04.826751+00:00,ARKK,HOLD,0,,SKIPPED,No action
2025-08-01T02:51:04.827133+00:00,BITO,SELL,0,,SKIPPED,No position
2025-08-01T02:51:04.899664+00:00,DBA,HOLD,0,,SKIPPED,No action
2025-08-01T02:51:04.900023+00:00,DIA,HOLD,0,,SKIPPED,No action
2025-08-01T02:51:04.900379+00:00,GBTC,HOLD,0,,SKIPPED,No action
2025-08-01T02:51:04.900738+00:00,GLD,HOLD,0,,SKIPPED,No action
2025-08-01T02:51:04.901070+00:00,GOOGL,HOLD,0,,SKIPPED,No action
2025-08-01T02:51:04.901476+00:00,IWM,HOLD,0,,SKIPPED,No action
2025-08-01T02:51:04.901856+00:00,META,BUY,0,,FAILED,'REST' object has no attribute 'get_last_trade'
2025-08-01T02:51:04.902279+00:00,MSFT,HOLD,0,,SKIPPED,No action
2025-08-01T02:51:04.902694+00:00,NFLX,BUY,0,,FAILED,'REST' object has no attribute 'get_last_trade'
2025-08-01T02:51:04.903022+00:00,NVDA,SELL,0,,SKIPPED,No position
2025-08-01T02:51:04.968866+00:00,QQQ,HOLD,0,,SKIPPED,No action
2025-08-01T02:51:04.969198+00:00,SLV,HOLD,0,,SKIPPED,No action
2025-08-01T02:51:04.969627+00:00,SPY,HOLD,0,,SKIPPED,No action
2025-08-01T02:51:04.969923+00:00,TSLA,SELL,0,,SKIPPED,No position
2025-08-01T02:51:05.037933+00:00,UNG,BUY,0,,FAILED,'REST' object has no attribute 'get_last_trade'
2025-08-01T02:51:05.038352+00:00,USO,SELL,0,,SKIPPED,No position
2025-08-01T02:51:05.106734+00:00,VOO,HOLD,0,,SKIPPED,No action
2025-08-01T02:51:05.107124+00:00,VTI,HOLD,0,,SKIPPED,No action
2025-08-01T02:51:05.107427+00:00,XLB,HOLD,0,,SKIPPED,No action
2025-08-01T02:51:05.107782+00:00,XLE,HOLD,0,,SKIPPED,No action
2025-08-01T02:51:05.108126+00:00,XLF,HOLD,0,,SKIPPED,No action
2025-08-01T02:51:05.108428+00:00,XLI,HOLD,0,,SKIPPED,No action
2025-08-01T02:51:05.108784+00:00,XLK,HOLD,0,,SKIPPED,No action
2025-08-01T02:51:05.109080+00:00,XLP,HOLD,0,,SKIPPED,No action
2025-08-01T02:51:05.109585+00:00,XLRE,HOLD,0,,SKIPPED,No action
2025-08-01T02:51:05.110596+00:00,XLU,HOLD,0,,SKIPPED,No action
2025-08-01T02:51:05.111047+00:00,XLV,HOLD,0,,SKIPPED,No action
2025-08-01T02:51:05.111316+00:00,XLY,HOLD,0,,SKIPPED,No action
2025-08-01T03:27:12.031768+00:00,AAPL,HOLD,0,,SKIPPED,No action
2025-08-01T03:27:12.032179+00:00,AMD,HOLD,0,,SKIPPED,No action
2025-08-01T03:27:12.032488+00:00,AMZN,HOLD,0,,SKIPPED,No action
2025-08-01T03:27:12.032849+00:00,ARKK,HOLD,0,,SKIPPED,No action
2025-08-01T03:27:12.033287+00:00,BITO,SELL,0,,SKIPPED,No position
2025-08-01T03:27:12.103001+00:00,DBA,HOLD,0,,SKIPPED,No action
2025-08-01T03:27:12.103475+00:00,DIA,HOLD,0,,SKIPPED,No action
2025-08-01T03:27:12.103875+00:00,GBTC,HOLD,0,,SKIPPED,No action
2025-08-01T03:27:12.104216+00:00,GLD,HOLD,0,,SKIPPED,No action
2025-08-01T03:27:12.104573+00:00,GOOGL,HOLD,0,,SKIPPED,No action
2025-08-01T03:27:12.104917+00:00,IWM,HOLD,0,,SKIPPED,No action
2025-08-01T03:27:12.105260+00:00,META,BUY,0,,FAILED,'REST' object has no attribute 'get_last_trade'
2025-08-01T03:27:12.105610+00:00,MSFT,HOLD,0,,SKIPPED,No action
2025-08-01T03:27:12.105917+00:00,NFLX,BUY,0,,FAILED,'REST' object has no attribute 'get_last_trade'
2025-08-01T03:27:12.106306+00:00,NVDA,SELL,0,,SKIPPED,No position
2025-08-01T03:27:12.176048+00:00,QQQ,HOLD,0,,SKIPPED,No action
2025-08-01T03:27:12.176424+00:00,SLV,HOLD,0,,SKIPPED,No action
2025-08-01T03:27:12.176810+00:00,SPY,HOLD,0,,SKIPPED,No action
2025-08-01T03:27:12.177162+00:00,TSLA,SELL,0,,SKIPPED,No position
2025-08-01T03:27:12.258016+00:00,UNG,BUY,0,,FAILED,'REST' object has no attribute 'get_last_trade'
2025-08-01T03:27:12.258447+00:00,USO,SELL,0,,SKIPPED,No position
2025-08-01T03:27:12.329988+00:00,VOO,HOLD,0,,SKIPPED,No action
2025-08-01T03:27:12.330352+00:00,VTI,HOLD,0,,SKIPPED,No action
2025-08-01T03:27:12.330717+00:00,XLB,HOLD,0,,SKIPPED,No action
2025-08-01T03:27:12.331051+00:00,XLE,HOLD,0,,SKIPPED,No action
2025-08-01T03:27:12.331451+00:00,XLF,HOLD,0,,SKIPPED,No action
2025-08-01T03:27:12.331808+00:00,XLI,HOLD,0,,SKIPPED,No action
2025-08-01T03:27:12.332206+00:00,XLK,HOLD,0,,SKIPPED,No action
2025-08-01T03:27:12.332501+00:00,XLP,HOLD,0,,SKIPPED,No action
2025-08-01T03:27:12.332883+00:00,XLRE,HOLD,0,,SKIPPED,No action
2025-08-01T03:27:12.333246+00:00,XLU,HOLD,0,,SKIPPED,No action
2025-08-01T03:27:12.333602+00:00,XLV,HOLD,0,,SKIPPED,No action
2025-08-01T03:27:12.334125+00:00,XLY,HOLD,0,,SKIPPED,No action
2025-08-01T03:28:00.670350+00:00,AAPL,HOLD,0,,SKIPPED,No action
2025-08-01T03:28:00.670764+00:00,AMD,HOLD,0,,SKIPPED,No action
2025-08-01T03:28:00.671086+00:00,AMZN,HOLD,0,,SKIPPED,No action
2025-08-01T03:28:00.671466+00:00,ARKK,HOLD,0,,SKIPPED,No action
2025-08-01T03:28:00.671866+00:00,BITO,SELL,0,,SKIPPED,No position
2025-08-01T03:28:00.744627+00:00,DBA,HOLD,0,,SKIPPED,No action
2025-08-01T03:28:00.745333+00:00,DIA,HOLD,0,,SKIPPED,No action
2025-08-01T03:28:00.745966+00:00,GBTC,HOLD,0,,SKIPPED,No action
2025-08-01T03:28:00.746382+00:00,GLD,HOLD,0,,SKIPPED,No action
2025-08-01T03:28:00.746690+00:00,GOOGL,HOLD,0,,SKIPPED,No action
2025-08-01T03:28:00.747088+00:00,IWM,HOLD,0,,SKIPPED,No action
2025-08-01T03:28:00.747439+00:00,META,BUY,0,,FAILED,'REST' object has no attribute 'get_last_trade'
2025-08-01T03:28:00.747753+00:00,MSFT,HOLD,0,,SKIPPED,No action
2025-08-01T03:28:00.748121+00:00,NFLX,BUY,0,,FAILED,'REST' object has no attribute 'get_last_trade'
2025-08-01T03:28:00.748428+00:00,NVDA,SELL,0,,SKIPPED,No position
2025-08-01T03:28:00.824798+00:00,QQQ,HOLD,0,,SKIPPED,No action
2025-08-01T03:28:00.825133+00:00,SLV,HOLD,0,,SKIPPED,No action
2025-08-01T03:28:00.825529+00:00,SPY,HOLD,0,,SKIPPED,No action
2025-08-01T03:28:00.825846+00:00,TSLA,SELL,0,,SKIPPED,No position
2025-08-01T03:28:00.912602+00:00,UNG,BUY,0,,FAILED,'REST' object has no attribute 'get_last_trade'
2025-08-01T03:28:00.913041+00:00,USO,SELL,0,,SKIPPED,No position
2025-08-01T03:28:00.984011+00:00,VOO,HOLD,0,,SKIPPED,No action
2025-08-01T03:28:00.984421+00:00,VTI,HOLD,0,,SKIPPED,No action
2025-08-01T03:28:00.984726+00:00,XLB,HOLD,0,,SKIPPED,No action
2025-08-01T03:28:00.985083+00:00,XLE,HOLD,0,,SKIPPED,No action
2025-08-01T03:28:00.985392+00:00,XLF,HOLD,0,,SKIPPED,No action
2025-08-01T03:28:00.985767+00:00,XLI,HOLD,0,,SKIPPED,No action
2025-08-01T03:28:00.986135+00:00,XLK,HOLD,0,,SKIPPED,No action
2025-08-01T03:28:00.986442+00:00,XLP,HOLD,0,,SKIPPED,No action
2025-08-01T03:28:00.986755+00:00,XLRE,HOLD,0,,SKIPPED,No action
2025-08-01T03:28:00.987074+00:00,XLU,HOLD,0,,SKIPPED,No action
2025-08-01T03:28:00.987427+00:00,XLV,HOLD,0,,SKIPPED,No action
2025-08-01T03:28:00.987732+00:00,XLY,HOLD,0,,SKIPPED,No action
2025-08-01T03:37:27.165289+00:00,AAPL,HOLD,0,,SKIPPED,No action
2025-08-01T03:37:27.165680+00:00,AMD,HOLD,0,,SKIPPED,No action
2025-08-01T03:37:27.166010+00:00,AMZN,HOLD,0,,SKIPPED,No action
2025-08-01T03:37:27.166313+00:00,ARKK,HOLD,0,,SKIPPED,No action
2025-08-01T03:37:27.166640+00:00,BITO,SELL,0,,SKIPPED,No position
2025-08-01T03:37:27.236521+00:00,DBA,HOLD,0,,SKIPPED,No action
2025-08-01T03:37:27.236911+00:00,DIA,HOLD,0,,SKIPPED,No action
2025-08-01T03:37:27.237292+00:00,GBTC,HOLD,0,,SKIPPED,No action
2025-08-01T03:37:27.237591+00:00,GLD,HOLD,0,,SKIPPED,No action
2025-08-01T03:37:27.237923+00:00,GOOGL,HOLD,0,,SKIPPED,No action
2025-08-01T03:37:27.239345+00:00,IWM,HOLD,0,,SKIPPED,No action
2025-08-01T03:37:27.240164+00:00,META,BUY,0,773.63,SKIPPED,Insufficient buying power
2025-08-01T03:37:27.577884+00:00,MSFT,HOLD,0,,SKIPPED,No action
2025-08-01T03:37:27.578276+00:00,NFLX,BUY,0,1159.65,SKIPPED,Insufficient buying power
2025-08-01T03:37:27.656262+00:00,NVDA,SELL,0,,SKIPPED,No position
2025-08-01T03:37:27.724765+00:00,QQQ,HOLD,0,,SKIPPED,No action
2025-08-01T03:37:27.725112+00:00,SLV,HOLD,0,,SKIPPED,No action
2025-08-01T03:37:27.725402+00:00,SPY,HOLD,0,,SKIPPED,No action
2025-08-01T03:37:27.725772+00:00,TSLA,SELL,0,,SKIPPED,No position
2025-08-01T03:37:27.794732+00:00,UNG,BUY,0,13.59,SKIPPED,Insufficient buying power
2025-08-01T03:37:27.872059+00:00,USO,SELL,0,,SKIPPED,No position
2025-08-01T03:37:27.951495+00:00,VOO,HOLD,0,,SKIPPED,No action
2025-08-01T03:37:27.952017+00:00,VTI,HOLD,0,,SKIPPED,No action
2025-08-01T03:37:27.952482+00:00,XLB,HOLD,0,,SKIPPED,No action
2025-08-01T03:37:27.952865+00:00,XLE,HOLD,0,,SKIPPED,No action
2025-08-01T03:37:27.953287+00:00,XLF,HOLD,0,,SKIPPED,No action
2025-08-01T03:37:27.953701+00:00,XLI,HOLD,0,,SKIPPED,No action
2025-08-01T03:37:27.954116+00:00,XLK,HOLD,0,,SKIPPED,No action
2025-08-01T03:37:27.954541+00:00,XLP,HOLD,0,,SKIPPED,No action
2025-08-01T03:37:27.955232+00:00,XLRE,HOLD,0,,SKIPPED,No action
2025-08-01T03:37:27.955664+00:00,XLU,HOLD,0,,SKIPPED,No action
2025-08-01T03:37:27.956058+00:00,XLV,HOLD,0,,SKIPPED,No action
2025-08-01T03:37:27.956414+00:00,XLY,HOLD,0,,SKIPPED,No action
2025-08-01T03:49:33.629135+00:00,AAPL,HOLD,0,,SKIPPED,No action
2025-08-01T03:49:33.629568+00:00,AMD,HOLD,0,,SKIPPED,No action
2025-08-01T03:49:33.629969+00:00,AMZN,HOLD,0,,SKIPPED,No action
2025-08-01T03:49:33.630465+00:00,ARKK,HOLD,0,,SKIPPED,No action
2025-08-01T03:49:33.630809+00:00,BITO,SELL,0,,SKIPPED,No position
2025-08-01T03:49:33.697345+00:00,DBA,HOLD,0,,SKIPPED,No action
2025-08-01T03:49:33.697662+00:00,DIA,HOLD,0,,SKIPPED,No action
2025-08-01T03:49:33.697929+00:00,GBTC,HOLD,0,,SKIPPED,No action
2025-08-01T03:49:33.698251+00:00,GLD,HOLD,0,,SKIPPED,No action
2025-08-01T03:49:33.698582+00:00,GOOGL,HOLD,0,,SKIPPED,No action
2025-08-01T03:49:33.698850+00:00,IWM,HOLD,0,,SKIPPED,No action
2025-08-01T03:49:33.699163+00:00,META,BUY,12,773.63,EXECUTED,Order ID: e9940bda-5a4f-4eb9-893f-3ae4d85e03cd
2025-08-01T03:49:34.160163+00:00,MSFT,HOLD,0,,SKIPPED,No action
2025-08-01T03:49:34.160495+00:00,NFLX,BUY,8,1159.65,EXECUTED,Order ID: 56fcde87-31aa-47e2-b93c-e12f027899b5
2025-08-01T03:49:34.298426+00:00,NVDA,SELL,0,,SKIPPED,No position
2025-08-01T03:49:34.367071+00:00,QQQ,HOLD,0,,SKIPPED,No action
2025-08-01T03:49:34.367439+00:00,SLV,HOLD,0,,SKIPPED,No action
2025-08-01T03:49:34.367777+00:00,SPY,HOLD,0,,SKIPPED,No action
2025-08-01T03:49:34.368168+00:00,TSLA,SELL,0,,SKIPPED,No position
2025-08-01T03:49:34.435310+00:00,UNG,BUY,734,13.59,EXECUTED,Order ID: 526215b6-b84f-46e8-83c7-c30bdf5e5a6e
2025-08-01T03:49:34.574742+00:00,USO,SELL,0,,SKIPPED,No position
2025-08-01T03:49:34.646575+00:00,VOO,HOLD,0,,SKIPPED,No action
2025-08-01T03:49:34.647175+00:00,VTI,HOLD,0,,SKIPPED,No action
2025-08-01T03:49:34.647609+00:00,XLB,HOLD,0,,SKIPPED,No action
2025-08-01T03:49:34.647954+00:00,XLE,HOLD,0,,SKIPPED,No action
2025-08-01T03:49:34.648271+00:00,XLF,HOLD,0,,SKIPPED,No action
2025-08-01T03:49:34.648595+00:00,XLI,HOLD,0,,SKIPPED,No action
2025-08-01T03:49:34.648908+00:00,XLK,HOLD,0,,SKIPPED,No action
2025-08-01T03:49:34.649235+00:00,XLP,HOLD,0,,SKIPPED,No action
2025-08-01T03:49:34.649557+00:00,XLRE,HOLD,0,,SKIPPED,No action
2025-08-01T03:49:34.649864+00:00,XLU,HOLD,0,,SKIPPED,No action
2025-08-01T03:49:34.650168+00:00,XLV,HOLD,0,,SKIPPED,No action
2025-08-01T03:49:34.650474+00:00,XLY,HOLD,0,,SKIPPED,No action
2025-08-02T00:05:32.274473+00:00,AAPL,HOLD,0,,SKIPPED,No action
2025-08-02T00:05:32.274925+00:00,AMD,HOLD,0,,SKIPPED,No action
2025-08-02T00:05:32.275302+00:00,AMZN,HOLD,0,,SKIPPED,No action
2025-08-02T00:05:32.275660+00:00,ARKK,HOLD,0,,SKIPPED,No action
2025-08-02T00:05:32.276049+00:00,BITO,SELL,0,,FAILED,risk_check() takes 2 positional arguments but 3 were given
2025-08-02T00:05:32.276429+00:00,DBA,HOLD,0,,SKIPPED,No action
2025-08-02T00:05:32.276774+00:00,DIA,HOLD,0,,SKIPPED,No action
2025-08-02T00:05:32.277245+00:00,GBTC,HOLD,0,,SKIPPED,No action
2025-08-02T00:05:32.277611+00:00,GLD,HOLD,0,,SKIPPED,No action
2025-08-02T00:05:32.277981+00:00,GOOGL,HOLD,0,,SKIPPED,No action
2025-08-02T00:05:32.278368+00:00,IWM,HOLD,0,,SKIPPED,No action
2025-08-02T00:05:32.278705+00:00,META,BUY,0,,FAILED,risk_check() takes 2 positional arguments but 3 were given
2025-08-02T00:05:32.279068+00:00,MSFT,HOLD,0,,SKIPPED,No action
2025-08-02T00:05:32.279428+00:00,NFLX,BUY,0,,FAILED,risk_check() takes 2 positional arguments but 3 were given
2025-08-02T00:05:32.280240+00:00,NVDA,SELL,0,,FAILED,risk_check() takes 2 positional arguments but 3 were given
2025-08-02T00:05:32.280967+00:00,QQQ,HOLD,0,,SKIPPED,No action
2025-08-02T00:05:32.281500+00:00,SLV,HOLD,0,,SKIPPED,No action
2025-08-02T00:05:32.282192+00:00,SPY,HOLD,0,,SKIPPED,No action
2025-08-02T00:05:32.283193+00:00,TSLA,SELL,0,,FAILED,risk_check() takes 2 positional arguments but 3 were given
2025-08-02T00:05:32.284155+00:00,UNG,BUY,0,,FAILED,risk_check() takes 2 positional arguments but 3 were given
2025-08-02T00:05:32.289168+00:00,USO,SELL,0,,FAILED,risk_check() takes 2 positional arguments but 3 were given
2025-08-02T00:05:32.289943+00:00,VOO,HOLD,0,,SKIPPED,No action
2025-08-02T00:05:32.291622+00:00,VTI,HOLD,0,,SKIPPED,No action
2025-08-02T00:05:32.292019+00:00,XLB,HOLD,0,,SKIPPED,No action
2025-08-02T00:05:32.292365+00:00,XLE,HOLD,0,,SKIPPED,No action
2025-08-02T00:05:32.293045+00:00,XLF,HOLD,0,,SKIPPED,No action
2025-08-02T00:05:32.293486+00:00,XLI,HOLD,0,,SKIPPED,No action
2025-08-02T00:05:32.293838+00:00,XLK,HOLD,0,,SKIPPED,No action
2025-08-02T00:05:32.294205+00:00,XLP,HOLD,0,,SKIPPED,No action
2025-08-02T00:05:32.294533+00:00,XLRE,HOLD,0,,SKIPPED,No action
2025-08-02T00:05:32.294952+00:00,XLU,HOLD,0,,SKIPPED,No action
2025-08-02T00:05:32.295479+00:00,XLV,HOLD,0,,SKIPPED,No action
2025-08-02T00:05:32.295907+00:00,XLY,HOLD,0,,SKIPPED,No action
2025-08-02T00:11:39.407317+00:00,AAPL,HOLD,0,,SKIPPED,No action
2025-08-02T00:11:39.407665+00:00,AMD,HOLD,0,,SKIPPED,No action
2025-08-02T00:11:39.407954+00:00,AMZN,HOLD,0,,SKIPPED,No action
2025-08-02T00:11:39.408220+00:00,ARKK,HOLD,0,,SKIPPED,No action
2025-08-02T00:11:39.408573+00:00,BITO,SELL,0,,BLOCKED,Blocked by risk control
2025-08-02T00:11:39.474622+00:00,DBA,HOLD,0,,SKIPPED,No action
2025-08-02T00:11:39.475096+00:00,DIA,HOLD,0,,SKIPPED,No action
2025-08-02T00:11:39.475394+00:00,GBTC,HOLD,0,,SKIPPED,No action
2025-08-02T00:11:39.475705+00:00,GLD,HOLD,0,,SKIPPED,No action
2025-08-02T00:11:39.476042+00:00,GOOGL,HOLD,0,,SKIPPED,No action
2025-08-02T00:11:39.476361+00:00,IWM,HOLD,0,,SKIPPED,No action
2025-08-02T00:11:39.476659+00:00,META,BUY,9,749.945,EXECUTED,Order ID: 3f9f2659-8616-40d9-a90f-b27f75753018
2025-08-02T00:11:40.024825+00:00,MSFT,HOLD,0,,SKIPPED,No action
2025-08-02T00:11:40.025278+00:00,NFLX,BUY,6,1158.46,EXECUTED,Order ID: 45478a47-7081-4723-8c63-ab0ba8eed4fe
2025-08-02T00:11:40.315362+00:00,NVDA,SELL,0,,BLOCKED,Blocked by risk control
2025-08-02T00:11:40.383812+00:00,QQQ,HOLD,0,,SKIPPED,No action
2025-08-02T00:11:40.384184+00:00,SLV,HOLD,0,,SKIPPED,No action
2025-08-02T00:11:40.384449+00:00,SPY,HOLD,0,,SKIPPED,No action
2025-08-02T00:11:40.384760+00:00,TSLA,SELL,100,,EXECUTED,Order ID: 2f7bc5f7-e7a8-43f5-bd0b-8f39d2eef7f6
2025-08-02T00:11:40.585269+00:00,UNG,BUY,513,13.61,EXECUTED,Order ID: eb5576bf-357d-4ca1-8834-9482d94564f1
2025-08-02T00:11:40.863460+00:00,USO,SELL,0,,BLOCKED,Blocked by risk control
2025-08-02T00:11:40.932753+00:00,VOO,HOLD,0,,SKIPPED,No action
2025-08-02T00:11:40.933140+00:00,VTI,HOLD,0,,SKIPPED,No action
2025-08-02T00:11:40.933531+00:00,XLB,HOLD,0,,SKIPPED,No action
2025-08-02T00:11:40.933853+00:00,XLE,HOLD,0,,SKIPPED,No action
2025-08-02T00:11:40.934154+00:00,XLF,HOLD,0,,SKIPPED,No action
2025-08-02T00:11:40.934426+00:00,XLI,HOLD,0,,SKIPPED,No action
2025-08-02T00:11:40.934749+00:00,XLK,HOLD,0,,SKIPPED,No action
2025-08-02T00:11:40.935044+00:00,XLP,HOLD,0,,SKIPPED,No action
2025-08-02T00:11:40.935316+00:00,XLRE,HOLD,0,,SKIPPED,No action
2025-08-02T00:11:40.935678+00:00,XLU,HOLD,0,,SKIPPED,No action
2025-08-02T00:11:40.936010+00:00,XLV,HOLD,0,,SKIPPED,No action
2025-08-02T00:11:40.936351+00:00,XLY,HOLD,0,,SKIPPED,No action
2025-08-02T00:44:32.366401+00:00,AAPL,HOLD,0,,SKIPPED,No action
2025-08-02T00:44:32.366725+00:00,AMD,HOLD,0,,SKIPPED,No action
2025-08-02T00:44:32.367041+00:00,AMZN,HOLD,0,,SKIPPED,No action
2025-08-02T00:44:32.367334+00:00,ARKK,HOLD,0,,SKIPPED,No action
2025-08-02T00:44:32.367675+00:00,BITO,SELL,0,,SKIPPED,No position
2025-08-02T00:44:32.581872+00:00,DBA,HOLD,0,,SKIPPED,No action
2025-08-02T00:44:32.582201+00:00,DIA,HOLD,0,,SKIPPED,No action
2025-08-02T00:44:32.582512+00:00,GBTC,HOLD,0,,SKIPPED,No action
2025-08-02T00:44:32.582847+00:00,GLD,HOLD,0,,SKIPPED,No action
2025-08-02T00:44:32.583193+00:00,GOOGL,HOLD,0,,SKIPPED,No action
2025-08-02T00:44:32.583473+00:00,IWM,HOLD,0,,SKIPPED,No action
2025-08-02T00:44:32.583779+00:00,META,BUY,7,749.945,EXECUTED,Order ID: fb0d9040-21ae-48fe-b17e-e5916f91b7b5
2025-08-02T00:44:33.118989+00:00,MSFT,HOLD,0,,SKIPPED,No action
2025-08-02T00:44:33.119444+00:00,NFLX,BUY,5,1158.46,EXECUTED,Order ID: 85d4389c-726a-41a1-b03b-2bbdee299c82
2025-08-02T00:44:33.403692+00:00,NVDA,SELL,0,,SKIPPED,No position
2025-08-02T00:44:33.625420+00:00,QQQ,HOLD,0,,SKIPPED,No action
2025-08-02T00:44:33.625823+00:00,SLV,HOLD,0,,SKIPPED,No action
2025-08-02T00:44:33.626150+00:00,SPY,HOLD,0,,SKIPPED,No action
2025-08-02T00:44:33.626532+00:00,TSLA,SELL,0,,FAILED,"insufficient qty available for order (requested: 100, available: 0)"
2025-08-02T00:44:33.917305+00:00,UNG,BUY,437,13.61,EXECUTED,Order ID: 663a42fa-9e86-4e62-b607-d8de0d5a5a90
2025-08-02T00:44:34.207676+00:00,USO,SELL,0,,SKIPPED,No position
2025-08-02T00:44:34.424229+00:00,VOO,HOLD,0,,SKIPPED,No action
2025-08-02T00:44:34.424623+00:00,VTI,HOLD,0,,SKIPPED,No action
2025-08-02T00:44:34.424949+00:00,XLB,HOLD,0,,SKIPPED,No action
2025-08-02T00:44:34.425309+00:00,XLE,HOLD,0,,SKIPPED,No action
2025-08-02T00:44:34.425598+00:00,XLF,HOLD,0,,SKIPPED,No action
2025-08-02T00:44:34.425861+00:00,XLI,HOLD,0,,SKIPPED,No action
2025-08-02T00:44:34.426169+00:00,XLK,HOLD,0,,SKIPPED,No action
2025-08-02T00:44:34.426447+00:00,XLP,HOLD,0,,SKIPPED,No action
2025-08-02T00:44:34.426792+00:00,XLRE,HOLD,0,,SKIPPED,No action
2025-08-02T00:44:34.427128+00:00,XLU,HOLD,0,,SKIPPED,No action
2025-08-02T00:44:34.427396+00:00,XLV,HOLD,0,,SKIPPED,No action
2025-08-02T00:44:34.427816+00:00,XLY,HOLD,0,,SKIPPED,No action
2025-08-02T00:44:48.110726+00:00,AAPL,HOLD,0,,SKIPPED,No action
2025-08-02T00:44:48.111129+00:00,AMD,HOLD,0,,SKIPPED,No action
2025-08-02T00:44:48.111448+00:00,AMZN,HOLD,0,,SKIPPED,No action
2025-08-02T00:44:48.111824+00:00,ARKK,HOLD,0,,SKIPPED,No action
2025-08-02T00:44:48.112107+00:00,BITO,SELL,0,,SKIPPED,No position
2025-08-02T00:44:48.401334+00:00,DBA,HOLD,0,,SKIPPED,No action
2025-08-02T00:44:48.401664+00:00,DIA,HOLD,0,,SKIPPED,No action
2025-08-02T00:44:48.401967+00:00,GBTC,HOLD,0,,SKIPPED,No action
2025-08-02T00:44:48.402271+00:00,GLD,HOLD,0,,SKIPPED,No action
2025-08-02T00:44:48.402612+00:00,GOOGL,HOLD,0,,SKIPPED,No action
2025-08-02T00:44:48.402948+00:00,IWM,HOLD,0,,SKIPPED,No action
2025-08-02T00:44:48.403233+00:00,META,BUY,6,749.945,EXECUTED,Order ID: d2ed61cd-2535-4766-b647-0576810e33a9
2025-08-02T00:44:48.830205+00:00,MSFT,HOLD,0,,SKIPPED,No action
2025-08-02T00:44:48.830578+00:00,NFLX,BUY,4,1158.46,EXECUTED,Order ID: aa513bb1-1773-4935-a7b8-ed0ffa36e2cd
2025-08-02T00:44:49.118568+00:00,NVDA,SELL,0,,SKIPPED,No position
2025-08-02T00:44:49.334091+00:00,QQQ,HOLD,0,,SKIPPED,No action
2025-08-02T00:44:49.334466+00:00,SLV,HOLD,0,,SKIPPED,No action
2025-08-02T00:44:49.334756+00:00,SPY,HOLD,0,,SKIPPED,No action
2025-08-02T00:44:49.335070+00:00,TSLA,SELL,0,,FAILED,"insufficient qty available for order (requested: 100, available: 0)"
2025-08-02T00:44:49.623848+00:00,UNG,BUY,375,13.61,EXECUTED,Order ID: 5aac3cf2-5bd1-40ff-9323-2db7522f192f
2025-08-02T00:44:49.909567+00:00,USO,SELL,0,,SKIPPED,No position
2025-08-02T00:44:50.136184+00:00,VOO,HOLD,0,,SKIPPED,No action
2025-08-02T00:44:50.136560+00:00,VTI,HOLD,0,,SKIPPED,No action
2025-08-02T00:44:50.136826+00:00,XLB,HOLD,0,,SKIPPED,No action
2025-08-02T00:44:50.137161+00:00,XLE,HOLD,0,,SKIPPED,No action
2025-08-02T00:44:50.137453+00:00,XLF,HOLD,0,,SKIPPED,No action
2025-08-02T00:44:50.137721+00:00,XLI,HOLD,0,,SKIPPED,No action
2025-08-02T00:44:50.138057+00:00,XLK,HOLD,0,,SKIPPED,No action
2025-08-02T00:44:50.138400+00:00,XLP,HOLD,0,,SKIPPED,No action
2025-08-02T00:44:50.138729+00:00,XLRE,HOLD,0,,SKIPPED,No action
2025-08-02T00:44:50.139064+00:00,XLU,HOLD,0,,SKIPPED,No action
2025-08-02T00:44:50.139431+00:00,XLV,HOLD,0,,SKIPPED,No action
2025-08-02T00:44:50.139737+00:00,XLY,HOLD,0,,SKIPPED,No action
2025-08-02T00:45:36.230268+00:00,AAPL,HOLD,0,,SKIPPED,No action
2025-08-02T00:45:36.230608+00:00,AMD,HOLD,0,,SKIPPED,No action
2025-08-02T00:45:36.231014+00:00,AMZN,HOLD,0,,SKIPPED,No action
2025-08-02T00:45:36.231295+00:00,ARKK,HOLD,0,,SKIPPED,No action
2025-08-02T00:45:36.231627+00:00,BITO,SELL,0,,SKIPPED,No position
2025-08-02T00:45:36.444724+00:00,DBA,HOLD,0,,SKIPPED,No action
2025-08-02T00:45:36.445037+00:00,DIA,HOLD,0,,SKIPPED,No action
2025-08-02T00:45:36.445313+00:00,GBTC,HOLD,0,,SKIPPED,No action
2025-08-02T00:45:36.445577+00:00,GLD,HOLD,0,,SKIPPED,No action
2025-08-02T00:45:36.445966+00:00,GOOGL,HOLD,0,,SKIPPED,No action
2025-08-02T00:45:36.446288+00:00,IWM,HOLD,0,,SKIPPED,No action
2025-08-02T00:45:36.446645+00:00,META,BUY,5,749.945,EXECUTED,Order ID: f2295f39-f6e5-469d-86f3-d6179f336c1c
2025-08-02T00:45:36.912034+00:00,MSFT,HOLD,0,,SKIPPED,No action
2025-08-02T00:45:36.912453+00:00,NFLX,BUY,3,1158.46,EXECUTED,Order ID: b0a629f1-4ea0-4e21-b02e-563e545e97bd
2025-08-02T00:45:37.196500+00:00,NVDA,SELL,0,,SKIPPED,No position
2025-08-02T00:45:37.397656+00:00,QQQ,HOLD,0,,SKIPPED,No action
2025-08-02T00:45:37.398011+00:00,SLV,HOLD,0,,SKIPPED,No action
2025-08-02T00:45:37.398390+00:00,SPY,HOLD,0,,SKIPPED,No action
2025-08-02T00:45:37.398721+00:00,TSLA,SELL,0,,FAILED,"insufficient qty available for order (requested: 100, available: 0)"
2025-08-02T00:45:37.670755+00:00,UNG,BUY,323,13.61,EXECUTED,Order ID: 69a11e9b-5d89-4ae9-b97e-5f408647b43f
2025-08-02T00:45:37.956697+00:00,USO,SELL,0,,SKIPPED,No position
2025-08-02T00:45:38.167957+00:00,VOO,HOLD,0,,SKIPPED,No action
2025-08-02T00:45:38.168284+00:00,VTI,HOLD,0,,SKIPPED,No action
2025-08-02T00:45:38.168616+00:00,XLB,HOLD,0,,SKIPPED,No action
2025-08-02T00:45:38.168953+00:00,XLE,HOLD,0,,SKIPPED,No action
2025-08-02T00:45:38.169260+00:00,XLF,HOLD,0,,SKIPPED,No action
2025-08-02T00:45:38.169589+00:00,XLI,HOLD,0,,SKIPPED,No action
2025-08-02T00:45:38.169880+00:00,XLK,HOLD,0,,SKIPPED,No action
2025-08-02T00:45:38.170182+00:00,XLP,HOLD,0,,SKIPPED,No action
2025-08-02T00:45:38.170521+00:00,XLRE,HOLD,0,,SKIPPED,No action
2025-08-02T00:45:38.170810+00:00,XLU,HOLD,0,,SKIPPED,No action
2025-08-02T00:45:38.171118+00:00,XLV,HOLD,0,,SKIPPED,No action
2025-08-02T00:45:38.171411+00:00,XLY,HOLD,0,,SKIPPED,No action
2025-08-02T22:47:59.147166+00:00,AAPL,HOLD,0,,SKIPPED,No action
2025-08-02T22:47:59.147693+00:00,AMD,HOLD,0,,SKIPPED,No action
2025-08-02T22:47:59.148026+00:00,AMZN,HOLD,0,,SKIPPED,No action
2025-08-02T22:47:59.148286+00:00,ARKK,HOLD,0,,SKIPPED,No action
2025-08-02T22:47:59.148596+00:00,BITO,SELL,0,,SKIPPED,No position
2025-08-02T22:47:59.405942+00:00,DBA,HOLD,0,,SKIPPED,No action
2025-08-02T22:47:59.406382+00:00,DIA,HOLD,0,,SKIPPED,No action
2025-08-02T22:47:59.406702+00:00,GBTC,HOLD,0,,SKIPPED,No action
2025-08-02T22:47:59.406978+00:00,GLD,HOLD,0,,SKIPPED,No action
2025-08-02T22:47:59.407345+00:00,GOOGL,HOLD,0,,SKIPPED,No action
2025-08-02T22:47:59.407638+00:00,IWM,HOLD,0,,SKIPPED,No action
2025-08-02T22:47:59.407950+00:00,META,BUY,5,749.945,EXECUTED,Order ID: 5694531f-f318-4498-b70f-0027abdf9326
2025-08-02T22:48:00.155554+00:00,MSFT,HOLD,0,,SKIPPED,No action
2025-08-02T22:48:00.155931+00:00,NFLX,BUY,3,1158.46,EXECUTED,Order ID: f739eee4-1215-49c0-884e-e193a5aead0d
2025-08-02T22:48:00.438406+00:00,NVDA,SELL,0,,SKIPPED,No position
2025-08-02T22:48:00.649236+00:00,QQQ,HOLD,0,,SKIPPED,No action
2025-08-02T22:48:00.649671+00:00,SLV,HOLD,0,,SKIPPED,No action
2025-08-02T22:48:00.650179+00:00,SPY,HOLD,0,,SKIPPED,No action
2025-08-02T22:48:00.650513+00:00,TSLA,SELL,0,,FAILED,"insufficient qty available for order (requested: 100, available: 0)"
2025-08-02T22:48:00.996898+00:00,UNG,BUY,281,13.61,EXECUTED,Order ID: 327d9a16-9a01-46ae-a321-7e15542bbb8a
2025-08-02T22:48:01.287250+00:00,USO,SELL,0,,SKIPPED,No position
2025-08-02T22:48:01.507799+00:00,VOO,HOLD,0,,SKIPPED,No action
2025-08-02T22:48:01.508224+00:00,VTI,HOLD,0,,SKIPPED,No action
2025-08-02T22:48:01.508729+00:00,XLB,HOLD,0,,SKIPPED,No action
2025-08-02T22:48:01.509139+00:00,XLE,HOLD,0,,SKIPPED,No action
2025-08-02T22:48:01.509521+00:00,XLF,HOLD,0,,SKIPPED,No action
2025-08-02T22:48:01.509907+00:00,XLI,HOLD,0,,SKIPPED,No action
2025-08-02T22:48:01.510245+00:00,XLK,HOLD,0,,SKIPPED,No action
2025-08-02T22:48:01.510578+00:00,XLP,HOLD,0,,SKIPPED,No action
2025-08-02T22:48:01.510889+00:00,XLRE,HOLD,0,,SKIPPED,No action
2025-08-02T22:48:01.511213+00:00,XLU,HOLD,0,,SKIPPED,No action
2025-08-02T22:48:01.511536+00:00,XLV,HOLD,0,,SKIPPED,No action
2025-08-02T22:48:01.511860+00:00,XLY,HOLD,0,,SKIPPED,No action
