ticker,title,description,publishedAt,sentiment,date
AAPL,Apple (AAPL) iPhone Production Soars as India Gains Prominence Amid Slowing U.S. Demand,"Apple Inc. (NASDAQ:AAPL) is one of the most profitable consumer stocks to buy now. Apple significantly ramped up iPhone production in the first half of 2025,...",2025-07-21T03:59:48Z,0.2395833333333333,2025-07-21
AAPL,JP Morgan will increase AAPL share target price -- eventually,"Investment analyst firm JP Morgan is predicting that Apple shares will improve in the short term, and predicts a target price rise by the end of 2026, through moderate iPhone 17 demand, but greater Services revenues.JP Morgan does not expect an iPhone 17 Pro …",2025-07-25T11:45:48Z,0.075,2025-07-25
AAPL,"Apple Is Going To Surprise Wall Street, Says Tom Lee, As iPhone Maker 'Could Be Quietly Ready To Pounce On AI'","As Wall Street has been rallying behind the iPhone maker, led by Tim Cook, to dive into the artificial intelligence (AI) race, Fundstrat’s Tom Lee says that ...",2025-07-24T00:30:26Z,-0.2666666666666666,2025-07-24
AAPL,"Understanding Apple's Position In Technology Hardware, Storage & Peripherals Industry Compared To Competitors","In the dynamic and cutthroat world of business, conducting thorough company analysis is essential for investors and industry experts. In this article, we will undertake a comprehensive industry comparison, evaluating Apple AAPL and its primary competitors in …",2025-07-24T15:07:37Z,0.1333333333333333,2025-07-24
AAPL,Minimize Your Apple Stock Risk Before Earnings on July 31 with This 1 Options Strategy,"Using options can help manage risk, regardless of market reaction.",2025-07-25T17:56:49Z,0.0,2025-07-25
AAPL,Polen Focus Growth Strategy Exited Apple (AAPL) in Q2. Here’s Why,,2025-07-22T14:35:44Z,0.0,2025-07-22
AAPL,What to Expect From Apple's Next Quarterly Earnings Report,"Apple is expected to announce its third-quarter results by the end of this month, and analysts anticipate a single-digit uptick in earnings.",2025-07-21T10:00:14Z,-0.05,2025-07-21
AAPL,"Apple (AAPL) Analysts Stay Positive Ahead of Earnings, But AI Clarity Still Needed",,2025-07-22T16:14:50Z,0.2272727272727272,2025-07-22
AAPL,Apple (AAPL) Stock Rated Hold as HSBC Flags AI Letdown and Tariff Risks,,2025-07-23T22:22:00Z,0.0,2025-07-23
AAPL,Sands Capital Technology Innovators Fund Decided to Exit Its Stake in Apple (AAPL),"Sands Capital, an investment management company, released its “Sands Capital Technology Innovators Fund” Q2 2025 investor letter. A copy of the letter can be...",2025-07-25T11:44:51Z,0.0,2025-07-25
AAPL,"Earnings live: Puma plunges, Deckers beats, Intel sags amid cost cuts","This week, 112 S&P 500 companies report Q2 results in a busy week for corporate earnings reports.",2025-07-25T11:57:10Z,0.0787878787878787,2025-07-25
AAPL,"Apple Stock Forecast: As Critics Call for Cook to Step Down, How Bad Are Things Really for AAPL?",,2025-07-21T16:42:07Z,-0.2185185185185184,2025-07-21
AAPL,"PSQ Holdings adds Apple, Google Pay to its PSQ Payments platform",PublicSquare (PSQH) announced the successful integration and launch of Apple Pay (AAPL) and Google Pay (GOOGL) across its PSQ Payments platform. The company ...,2025-07-22T13:10:49Z,0.75,2025-07-22
AAPL,Texas Instruments Stock Slumps on Soft Profit Forecast,Texas Instruments shares dropped in extended trading Tuesday as the company issued a soft profit forecast.,2025-07-22T20:49:46Z,0.1,2025-07-22
AAPL,"Apple Inc. (AAPL)’s “Got Game,” Says Jim Cramer",We recently published 10 Stocks Jim Cramer Discussed As He Shared Key Insights From Morgan Stanley’s CEO. Apple Inc. (NASDAQ:AAPL) is one of the stocks Jim...,2025-07-21T12:36:30Z,-0.1333333333333333,2025-07-21
AAPL,"Apple (AAPL) Isn’t Going To Buy Perplexity, Says Jim Cramer",,2025-07-24T14:49:14Z,0.0,2025-07-24
AAPL,Here's What You Need to Know Ahead of Google Parent Alphabet's Earnings Today,"Google parent Alphabet is set to post second-quarter earnings after the market closes Wednesday, with investors likely to be watching its cloud and...",2025-07-23T17:08:47Z,0.0,2025-07-23
AAPL,Perplexity AI、 Perplexity Pro/MaxプランでMCPをサポートした「Perplexity for Mac」をリリース。,"Perplexity Pro/MaxプランでMCPをサポートした「Perplexity for Mac」がリリースされています。詳細は以下から。 　AI検索エンジンPerplexityを開発する米Perplexity […]
The post Perplexity AI、 Perplexity Pro/MaxプランでMCPをサポートした「Perplexity for Mac」をリリース。 first appeared on AAPL Ch..",2025-07-24T02:27:43Z,0.25,2025-07-24
AAPL,Wikipedia for iPhone/iPadアプリがタブブラウジングに対応。,"Wikipedia for iPhone/iPadアプリがタブブラウジングに対応しています。詳細は以下から。 　Wikimedia Foundationは現地時間2025年07月22日、ボランティアによって執筆されてい […]
The post Wikipedia for iPhone/iPadアプリがタブブラウジングに対応。 first appeared on AAPL Ch..",2025-07-23T07:52:22Z,0.25,2025-07-23
AAPL,Analyst Calling for Apple (AAPL) CEO Tim Cook’s Exit Says Company ‘Fooled’ Investors About AI,Apple is one of the 10 Buzzing Stocks Everyone is Talking About. Walter Piecyk from LightShed Partners recently talked about his note discussing his thoughts...,2025-07-23T13:47:27Z,0.0,2025-07-23
TSLA,How the Trump–Musk relationship complicates Tesla's future,Tesla (TSLA) CEO Elon Musk's close ties with President Trump initially gave many investors hope for faster progress on initiatives like robotaxis and...,2025-07-25T11:30:18Z,0.1666666666666666,2025-07-25
TSLA,Wall Street is eyeing more challenges for Tesla heading into its 2nd-quarter earnings report,"Tesla faces a handful of challenges heading into Q2 2025 earnings, with Wall Street eyeing weak demand and Elon Musk's politics as headwinds.",2025-07-22T18:07:02Z,0.0625,2025-07-22
TSLA,These are the top 5 questions Tesla investors have ahead of the company's Q2 earnings call,"Tesla investors are eyeing the company's progress on robotaxi, unsupervised Full Self-Driving, affordable models, and Optimus humanoid robots.",2025-07-23T02:25:09Z,0.425,2025-07-23
TSLA,"Wall Street Brunch: TSLA, GOOG Earnings And Fed Independence","Tesla expected to post double-digit declines in earnings, sales. Fed chief Powell speech in focus as central bank independence worries grow. Top tail risks and most crowded trades.",2025-07-20T17:38:00Z,0.225,2025-07-20
TSLA,Tesla (TSLA) Gets Price Target Boost Despite Challenging Q2 Outlook,,2025-07-22T16:05:04Z,0.5,2025-07-22
TSLA,5 Tesla [TSLA] Q2 Numbers That Burn,"Okay, yes, my first notes on Tesla’s Q2 2025 shareholder update were about three potential positives from the company. However, we can’t avoid the obvious. My first thoughts were about the historically bad financials from the company — it’s just that these we…",2025-07-24T03:58:33Z,0.05,2025-07-24
TSLA,Cathie Wood is Buying the Post-Earnings Dip in Tesla Stock. Should You?,Famed investor Cathie Wood has loaded up on TSLA shares on the post-earnings weakness. Morgan Stanley continues to see Tesla stock as a top pick.,2025-07-25T19:05:09Z,0.5,2025-07-25
TSLA,"Tesla stock slides after earnings miss, Musk warns of 'few rough quarters'","In This Article:
Tesla (TSLA) reported a slight earnings and revenue miss in the second quarter after the bell on Wednesday, and CEO Elon Musk hinted at a ""few rough quarters"" amid mounting challenges for the automaker.
Tesla reported second quarter revenue o…",2025-07-24T13:49:53Z,-0.1095238095238095,2025-07-24
TSLA,TSLA: Tesla 75% Bitcoin Sale Blew Billions in Missed Gains,Tesla's Digital?Asset Fiasco: Sold 75% at Crypto Lows,2025-07-25T12:24:05Z,0.0,2025-07-25
TSLA,Auto Revenue Keeps Plunging at Tesla. Should You Buy the TSLA Stock Dip or Run Far Away?,Tesla stock sinks on second straight quarter of revenue decline and downbeat management commentary. Canaccord Genuity analyst still issued a bullish note in ...,2025-07-24T17:19:02Z,0.05,2025-07-24
TSLA,UBS Warns Tesla Is Overvalued Ahead of Q2 Earnings,"UBS stuck with its negative assessment on Tesla (TSLA, Financials) and kept its ""Sell"" rating and $215 price target ahead of the company's second-quarter...",2025-07-21T13:19:06Z,-0.3,2025-07-21
TSLA,Tesla ETF Drops as EV Maker Faces 2Q Earnings Challenge,"- Tesla shares plunged after the electric vehicle maker reported disappointing second-quarter results. - The Direxion Daily TSLA Bull 2X Shares (TSLL), which...",2025-07-24T20:30:00Z,-0.3,2025-07-24
TSLA,TSLA: Tesla Price Target Raised on Bold New EV and Robotaxi Expansion,"Tesla's Cheap EV & AI Cars Could Reshape the Game, Says Deutsche Bank",2025-07-21T16:10:11Z,0.1174242424242424,2025-07-21
TSLA,"Tesla, Inc. (TSLA): A Bull Case Theory","We came across a bullish thesis on Tesla, Inc. on Stock Analysis Compilation’s Substack. In this article, we will summarize the bulls’ thesis on TSLA. Tesla,...",2025-07-24T20:07:05Z,0.0,2025-07-24
TSLA,"Schwab Expands 24-Hour Trading to 1,100 Securities","Charles Schwab said Monday it is adding more securities, primarily ETFs, for 24-hour trading, bringing the total to 1,100 stocks and funds that retail...",2025-07-21T15:07:16Z,0.3,2025-07-21
TSLA,"Earnings live: Tesla results miss, Google boosts AI spending, Chipotle plunges","This week, 112 S&P 500 companies report Q2 results in a busy week for corporate earnings reports.",2025-07-23T20:13:33Z,0.0787878787878787,2025-07-23
TSLA,Second Quarter Earnings Season Update: Banks Beat,"Banks got the second quarter earnings season off to a strong start. 110 S&P 500 companies are scheduled for this week, including two of the crucial Magnificent 7.",2025-07-20T11:00:00Z,0.2866666666666667,2025-07-20
TSLA,"Earnings live: GM stock sinks on tariff hit, Coca-Cola to launch cane sugar soda","This week, 112 S&P 500 companies report Q2 results in a busy week for corporate earnings reports.",2025-07-21T14:37:36Z,0.034090909090909,2025-07-21
TSLA,"Earnings live: Puma plunges, Deckers beats, Intel sags amid cost cuts","This week, 112 S&P 500 companies report Q2 results in a busy week for corporate earnings reports.",2025-07-25T11:57:10Z,0.0787878787878787,2025-07-25
TSLA,"Tesla’s (TSLA) Robotaxi Vision Could Drive Scalable Revenue, Says Analyst","Tesla, Inc. (NASDAQ:TSLA) is one of the AI Stocks on Analysts’ Radar Right Now. On July 21, Cantor Fitzgerald analyst Andres Sheppard reiterated an...",2025-07-23T22:16:11Z,0.2857142857142857,2025-07-23
GOOGL,Why One Wall Street Analyst Is Growing More Bullish on This Nvidia Partner's Stock,Arm shares rose Monday as analysts at Wells Fargo raised their price target for the chip designer’s stock ahead of its quarterly earnings due next week.,2025-07-21T20:52:33Z,0.24375,2025-07-21
GOOGL,Alphabet Reports Q2 Earnings July 23. Time to Buy GOOGL Stock?,"The growing momentum in key areas, such as AI, cloud computing, YouTube, and subscriptions signals that Alphabet’s growth engine is far from slowing down.",2025-07-21T16:46:20Z,-0.0138888888888888,2025-07-21
GOOGL,"Alphabet (GOOGL) Poised To Deliver Modest Earnings Beat, Says Evercore ISI","Alphabet Inc. (NASDAQ:GOOGL) is one of the AI Stocks Analysts Are Tracking Closely. On July 21, Evercore ISI reiterated an Outperform rating on the stock...",2025-07-22T16:28:41Z,0.1,2025-07-22
GOOGL,"Alphabet Inc. (GOOGL): I Was “Small Minded” For Selling, Says Jim Cramer",,2025-07-24T13:06:44Z,-0.25,2025-07-24
GOOGL,"PSQ Holdings adds Apple, Google Pay to its PSQ Payments platform",PublicSquare (PSQH) announced the successful integration and launch of Apple Pay (AAPL) and Google Pay (GOOGL) across its PSQ Payments platform. The company ...,2025-07-22T13:10:49Z,0.75,2025-07-22
GOOGL,Alphabet (GOOGL) Gets Price Target Hike to $215 as AI Momentum Builds,"Google's AI Push Drives Multiple Analyst Upgrades, Price Target Hits $215",2025-07-21T13:24:02Z,0.0,2025-07-21
GOOGL,"Alphabet (GOOGL) Stock Climbs on Q2 Double-Beat, Unveil Record AI Budget",Alphabet's Q2 Blowout Paves Way for Massive Infrastructure Push,2025-07-24T14:16:48Z,0.0,2025-07-24
GOOGL,Alphabet Inc. (GOOG): A Bull Case Theory,"We came across a bullish thesis on Alphabet Inc. on Stock Analysis Compilation’s Substack. In this article, we will summarize the bulls’ thesis on GOOG...",2025-07-24T14:23:51Z,0.0,2025-07-24
GOOGL,Second Quarter Earnings Season Update: Banks Beat,"Banks got the second quarter earnings season off to a strong start. 110 S&P 500 companies are scheduled for this week, including two of the crucial Magnificent 7.",2025-07-20T11:00:00Z,0.2866666666666667,2025-07-20
GOOGL,"Earnings live: GM stock sinks on tariff hit, Coca-Cola to launch cane sugar soda","This week, 112 S&P 500 companies report Q2 results in a busy week for corporate earnings reports.",2025-07-21T14:37:36Z,0.034090909090909,2025-07-21
GOOGL,Here's What You Need to Know Ahead of Google Parent Alphabet's Earnings Today,"Google parent Alphabet is set to post second-quarter earnings after the market closes Wednesday, with investors likely to be watching its cloud and...",2025-07-23T17:08:47Z,0.0,2025-07-23
GOOGL,Arm Rises 3% as Wells Fargo Lifts Price Target to $175,Driven by expanding AI opportunities,2025-07-22T20:47:56Z,0.0,2025-07-22
GOOGL,Alphabet (GOOGL) Unveils New AI Search Features for Advanced Research and Problem-Solving,,2025-07-25T03:49:18Z,0.2681818181818182,2025-07-25
GOOGL,"Alphabet (GOOGL) Gets $190 Price Target Ahead of Earnings, Analyst Sees Favorable Setup",,2025-07-23T22:21:57Z,0.0,2025-07-23
GOOGL,Alphabet’s (GOOGL) AI Overviews Are Monetizing Well—Analysts See Upside Ahead,,2025-07-24T00:20:57Z,0.0,2025-07-24
GOOGL,AI Is Alphabet’s Rocket to a $3 Trillion Valuation. Is GOOGL Stock a Buy Here?,"AI is boosting user engagement, driving monetization opportunities, enhancing operating efficiency, and is central to Alphabet’s growth narrative.",2025-07-24T15:18:54Z,0.0,2025-07-24
GOOGL,"Stock market today: S&P 500, Nasdaq hit records, Dow closes in as trade hopes lift stocks before Tesla, Google","Wall Street is getting ready for Tesla and Google-parent Alphabet to fire up ""Magnificent 7"" earnings.",2025-07-23T20:04:01Z,0.6,2025-07-23
GOOGL,Google Seals Billion-Dollar Cloud Deal as ServiceNow ramps digital bets,ServiceNow's $4.8B cloud roadmap gives Google a major slice,2025-07-25T12:47:32Z,0.03125,2025-07-25
GOOGL,"Stock market today: Dow, S&P 500, Nasdaq futures trade flat as Wall Street braces for Big Tech earnings","US stock futures traded flat as investors prepared for earnings season to pick up steam, with Big Tech earnings ahead.",2025-07-21T23:35:11Z,-0.0125,2025-07-21
GOOGL,Tesla stock in search of an earnings charge: Opening Bid top takeaways,Tesla bulls could use an upbeat earnings day. Same for Alphabet.,2025-07-21T16:31:02Z,0.25,2025-07-21
MSFT,"Dear Microsoft Stock Fans, Mark Your Calendars for July 30","With earnings set for July 30, Microsoft is riding high on explosive AI and cloud growth, and analysts broadly expect its momentum to continue.",2025-07-22T20:13:47Z,0.11125,2025-07-22
MSFT,Why One Wall Street Analyst Is Growing More Bullish on This Nvidia Partner's Stock,Arm shares rose Monday as analysts at Wells Fargo raised their price target for the chip designer’s stock ahead of its quarterly earnings due next week.,2025-07-21T20:52:33Z,0.24375,2025-07-21
MSFT,Buy Or Sell MSFT Stock At $510?,"Microsoft (NASDAQ:MSFT) has excelled this year, with its stock climbing over 20%.",2025-07-23T13:02:34Z,0.0,2025-07-23
MSFT,Microsoft Corporation (MSFT) Soared as Azure Revenue Grew 35%,,2025-07-22T14:18:31Z,0.0,2025-07-22
MSFT,Barclays Raises Microsoft (MSFT) Price Target on Strong Software Outlook,"Microsoft Corporation (NASDAQ:MSFT) is one of the AI Stocks Analysts Are Tracking Closely. On July 21, Barclays analyst Raimo Lenschow raised the firm’s...",2025-07-22T16:37:07Z,0.1166666666666666,2025-07-22
MSFT,Microsoft Corp (MSFT) Patches SharePoint Vulnerability amid Global Havoc,,2025-07-25T16:10:14Z,0.0,2025-07-25
MSFT,Microsoft Reports Q4 Earnings on July 30. Time to Buy MSFT Stock?,"Get your Portfolio automatically emailed to you up to 4 times a day with Barchart Premier.
FREE 30 Day Trial
- Market Pulse
- VolatilityVolume & Open InterestHorizontal StrategiesButterfly Strategies
-
- Market PulseResourcesEuropean FuturesEuropean Groupings…",2025-07-25T14:42:30Z,0.2,2025-07-25
MSFT,Microsoft Reports Q4 Earnings on July 30. Time to Buy MSFT Stock?,,2025-07-25T14:29:18Z,0.0,2025-07-25
MSFT,Analyst Explains Why He’s Bullish on Microsoft (MSFT) Amid ‘AI Eating Software’ Trend,"Microsoft Corp (NASDAQ:MSFT) is one of the 10 Stocks to Buy and Sell in 2025: Top Analyst Calls. Ben Reitzes, Melius Research managing director, said in a...",2025-07-24T12:00:17Z,0.5,2025-07-24
MSFT,"Microsoft (MSFT) Set for Another Strong Quarter, Analysts Say","Microsoft Corporation (NASDAQ:MSFT) is one of the AI Stocks in the Spotlight Right Now. On July 22, Citi raised its price target on the stock to $613.00 from...",2025-07-24T00:24:32Z,0.3595238095238095,2025-07-24
MSFT,Growth in Azure Lifted Microsoft Corporation (MSFT) in Q2,"Sands Capital, an investment management company, released its “Sands Capital Technology Innovators Fund” Q2 2025 investor letter. A copy of the letter can be...",2025-07-24T12:37:01Z,0.0,2025-07-24
MSFT,"Earnings live: Puma plunges, Deckers beats, Intel sags amid cost cuts","This week, 112 S&P 500 companies report Q2 results in a busy week for corporate earnings reports.",2025-07-25T11:57:10Z,0.0787878787878787,2025-07-25
MSFT,Microsoft (MSFT) Price Target Raised on Azure Optimism,Microsoft Corporation (NASDAQ:MSFT) ranks among the best magic formula stocks to invest in. BMO Capital kept its Outperform rating on Microsoft Corporation (...,2025-07-25T03:49:13Z,0.75,2025-07-25
MSFT,Analyst Explains How Microsoft (MSFT) Stock Can Reach $600,"Microsoft Corp (NASDAQ:MSFT) is one of the 10 Buzzing Stocks Everyone is Talking About. Brian Schwartz, Oppenheimer analyst, recently talked about Microsoft ...",2025-07-23T13:52:14Z,0.0,2025-07-23
MSFT,Here's What You Need to Know Ahead of Google Parent Alphabet's Earnings Today,"Google parent Alphabet is set to post second-quarter earnings after the market closes Wednesday, with investors likely to be watching its cloud and...",2025-07-23T17:08:47Z,0.0,2025-07-23
MSFT,Arm Rises 3% as Wells Fargo Lifts Price Target to $175,Driven by expanding AI opportunities,2025-07-22T20:47:56Z,0.0,2025-07-22
MSFT,"TD Cowen Raises Microsoft (MSFT) Price Target to $580, Reiterates ‘Buy’","Microsoft Corporation (NASDAQ:MSFT) is one of the AI Stocks on Wall Street’s Radar. On July 17, TD Cowen reiterated the stock as “Buy” and raised its price...",2025-07-22T13:07:32Z,0.0,2025-07-22
MSFT,"Microsoft (MSFT) “Is More Vulnerable Than People Realize,” Says Jim Cramer",,2025-07-24T14:28:48Z,0.0,2025-07-24
MSFT,Microsoft (MSFT) Gets $525 Price Target as AI and Cloud Demand Remain Strong,"Microsoft Corporation (NASDAQ:MSFT) is one of the AI Stocks on Analysts’ Radar Right Now. On July 21, RBC Capital analyst Rishi Jaluria reiterated an...",2025-07-23T22:22:11Z,0.3595238095238095,2025-07-23
MSFT,AES Corporation’s Q2 2025 Earnings: What to Expect,"AES Corporation is gearing up to report its fiscal second-quarter results next month, and analysts are forecasting a robust double-digit growth in earnings.",2025-07-22T09:56:20Z,0.0,2025-07-22
AMZN,"Billionaire Peter Thiel is Betting Big on Stablecoins. Should You Buy the ""MicroStrategy of Ethereum,"" Too?",A new crypto trade just caught fire as stablecoin legislation sailed through Congress.,2025-07-23T15:59:54Z,0.0681818181818181,2025-07-23
AMZN,Buy AMZN Stock At $230?,"Amazon.com (NASDAQ:AMZN) stock has increased by 4% this year, trailing the S&P 500’s 7% growth slightly.",2025-07-23T13:05:24Z,-0.1666666666666666,2025-07-23
AMZN,Inquiry Into Amazon.com's Competitor Dynamics In Broadline Retail Industry,"Amidst the fast-paced and highly competitive business environment of today, conducting comprehensive company analysis is essential for investors and industry enthusiasts. In this article, we will delve into an extensive industry comparison, evaluating Amazon.…",2025-07-24T15:07:27Z,0.0533333333333333,2025-07-24
AMZN,"Amazon.com, Inc. (AMZN) Is “An Overall Piece,” Says Jim Cramer",,2025-07-24T09:06:39Z,0.0,2025-07-24
AMZN,"Baird Lifts Amazon (AMZN) Price Target Ahead of Earnings, Citing New Growth Bets","Amazon.com, Inc. (NASDAQ:AMZN) is one of the AI Stocks Analysts Are Tracking Closely. On July 21, Baird analyst Colin Sebastian maintained an “Outperform” on...",2025-07-22T16:40:09Z,0.1363636363636363,2025-07-22
AMZN,"Earnings live: Puma plunges, Deckers beats, Intel sags amid cost cuts","This week, 112 S&P 500 companies report Q2 results in a busy week for corporate earnings reports.",2025-07-25T11:57:10Z,0.0787878787878787,2025-07-25
AMZN,"Scotiabank Ups Amazon PT to $275, Maintains Bullish View Despite AWS Headwinds","Amazon.com, Inc. (NASDAQ:AMZN) is one of the AI Stocks in the Spotlight Right Now. On July 22, Scotiabank analyst Nat Schindler raised the price target on...",2025-07-24T00:28:02Z,0.2857142857142857,2025-07-24
AMZN,Analyst Says Amazon.com (AMZN) Cloud Business Needs to Show ‘Acceleration’ for Stock Outperformance,"Amazon.com Inc (NASDAQ:AMZN) is one of the 10 Buzzing Stocks to Watch as AI Trade Makes a Comebacks. Mark Mahaney, head of internet research at Evercore ISI,...",2025-07-20T20:37:41Z,0.0,2025-07-20
AMZN,Here's What You Need to Know Ahead of Google Parent Alphabet's Earnings Today,"Google parent Alphabet is set to post second-quarter earnings after the market closes Wednesday, with investors likely to be watching its cloud and...",2025-07-23T17:08:47Z,0.0,2025-07-23
AMZN,Amazon (AMZN) Eyes New Multibillion-Dollar Investment in Anthropic,"Amazon.com, Inc. (NASDAQ:AMZN) ranks among the best magic formula stocks to invest in. According to a July 10 Financial Times report, Amazon.com, Inc...",2025-07-25T03:49:11Z,0.409090909090909,2025-07-25
AMZN,Bernstein Stays Bullish on Amazon (AMZN) With ‘Outperform’ Rating,,2025-07-22T13:07:15Z,0.0,2025-07-22
AMZN,AES Corporation’s Q2 2025 Earnings: What to Expect,"AES Corporation is gearing up to report its fiscal second-quarter results next month, and analysts are forecasting a robust double-digit growth in earnings.",2025-07-22T09:56:20Z,0.0,2025-07-22
AMZN,"Amazon's AI-Powered Cost Cuts, Labor Gains And Record Prime Day Drive Analyst's Bullish Outlook","Amazon.com’s (NASDAQ:AMZN) continued focus on innovation and cost-efficiency is driving significant shifts in its operational strategy, positioning the...",2025-07-22T16:30:45Z,0.375,2025-07-22
AMZN,Wedbush Calls AI Microsoft's Shining Moment,Wedbush cites AI deployments and $600 price target,2025-07-25T21:52:38Z,0.0,2025-07-25
AMZN,The Bones 2024 2160p AMZN WEB-DL H265-Kitsune,"Awards 1 nomination total See more awards » Plot: A global thriller, documenting the fierce competition between scientists, collectors, and museums for dinosaur fossils worth millions, exploring how these ancient relics redefine our understanding of history a…",2025-07-20T16:21:22Z,0.2,2025-07-20
AMZN,Teen Titans Go S09E18 1080p AMZN WEB-DL H264-Kitsune,"Season 9, Episode 18 – “Megalodon Jackson”The Titans face off against a giant prehistoric shark, but soon discover that nothing is what it seems.Links: HOMEPAGE – TVDBTeen.Titans.Go.S09E18.720p.WEB.H264-JFFMKV | AC3 / dolby digital plus | 246MBNFO – Subtitles…",2025-07-20T22:08:36Z,0.0,2025-07-20
AMZN,Teen Titans Go S09E17 720p AMZN WEB-DL H264-Kitsune,"Season 9, Episode 17 – “Lake Side Story”Robin falls in love with a fish girl. Will it be true love or will her brother and his fish gang interfere?Links: HOMEPAGE – TVDBTeen.Titans.Go.S09E17.720p.AMZN.WEB-DL.DDP2.0.H.264-KitsuneMKV | AC3 / dolby digital plus …",2025-07-20T22:08:36Z,0.27,2025-07-20
AMZN,40 Acres 2024 720p AMZN WEB-DL H264-BYNDR,"Awards 3 wins & 6 nominations total See more awards »Plot: In a post-apocalyptic world with food scarcity, a Black family of Canadian farmers descended from American Civil War migrants defend their homestead against cannibals trying to seize their resources.G…",2025-07-22T07:12:53Z,0.1266666666666666,2025-07-22
AMZN,Teen Titans Go S09E16 720p AMZN WEB-DL H264-NTb,"Season 9, Episode 16 – “Pool Shark”The Titans encourage King Shark to start playing pool again, but he has to learn to listen to his gut first.Links: HOMEPAGE – TVDBTeen.Titans.Go.S09E16.720p.WEB.H264-JFFMKV | AC3 / dolby digital plus | 203MBNFO – Subtitles –…",2025-07-21T21:57:45Z,0.0,2025-07-21
AMZN,Human Footprint S02E05 1080p AMZN WEB-DL H264-RAWR,"Season 2, Episode 05 – “Dammed If You Do”A journey down the Colorado River to discover the ripple effects of humanity’s quest to conquer water.Links: HOMEPAGE – TVMHuman.Footprint.S02E05.720p.AMZN.WEB-DL.DDP2.0.H.264-RAWRMKV | AC3 / dolby digital plus | 1.58G…",2025-07-24T02:45:44Z,-0.0518518518518518,2025-07-24
META,Meta snubs the EU’s voluntary AI guidelines,"Meta says it won’t sign the European Union’s artificial intelligence code of practice agreement, warning that “Europe is heading down the wrong path on AI.” The code published by the EU on July 10th is a voluntary set of guidelines to help companies follow th…",2025-07-21T11:13:49Z,-0.3138888888888889,2025-07-21
META,Google gets its swag back,"This week, I take a look at the surprisingly strong state of Google, Meta gets a new chief AI researcher, and more. If you haven't already, be sure to check out this week's Decoder episode about deepfakes and where they are headed. Also, do you use an AI codi…",2025-07-25T19:52:59Z,0.3139393939393939,2025-07-25
META,"Oakley Meta HSTN fixes the biggest problem with Ray-Ban Meta Smart Glasses, and I couldn't be happier about it","Meta claims that Oakley Meta HSTN smart glasses have twice the battery life of Ray-Ban Meta Smart Glasses, but is that really true? I put them to the test to find out.",2025-07-23T18:15:49Z,0.2482142857142857,2025-07-23
META,"Oakley Meta HSTN cameras are better than Ray-Ban Metas, but not how you expect","Oakley Meta HSTN smart glasses offer a higher-resolution camera than Ray-Ban Meta Smart Glasses, but does that make them better? Find out in our camera review.",2025-07-22T17:00:00Z,0.3571428571428571,2025-07-22
META,Meta Unveils Wristband That Controls Computers With Muscle Signals,Meta researchers published findings in Nature Wednesday detailing a wristband prototype that controls computers through hand gestures by reading electrical signals from forearm muscles. The device uses surface electromyography to detect signals from alpha mot…,2025-07-23T17:30:00Z,0.0,2025-07-23
META,Ray-Ban Meta Smart Glasses (Gen 3): Everything we know so far,"The Ray-Ban Meta Smart Glasses (Gen 3) are rumored to be just around the corner, and with upgraded specs comes a rumored new look. Here's what we know so far.",2025-07-24T15:40:28Z,0.1529870129870129,2025-07-24
META,I led teams at Meta and Airbnb. My Big Tech career taught me an important lesson about dealing with chaos and crisis at work.,Judd Antin worked at Meta and Airbnb from 2012 to 2022. He learned one secret to effective leadership through chaotic waters: authentic clarity.,2025-07-25T10:12:50Z,0.22,2025-07-25
META,A former senior staff engineer at Meta shares 3 mistakes developers commonly make,"Michael Novati, a former senior staff engineer at Meta  nicknamed the ""Coding Machine,"" shared some mistakes that could be holding engineers back.",2025-07-22T09:07:01Z,-0.075,2025-07-22
META,Meta just hired the co-creator of ChatGPT in an escalating AI talent war with OpenAI,"Meta just scored a win in a multibillion-dollar battle with OpenAI over the hottest AI talents, by poaching a ChatGPT co-creator.",2025-07-26T01:16:36Z,0.8,2025-07-26
META,The Meta Quest resurrects a classic Xbox 360 feature with a modern twist,Jamming to tunes while playing your favorite game is the best thing since sliced bread.,2025-07-24T18:06:14Z,0.2933333333333333,2025-07-24
META,This co-op game changes everything you thought you knew about working together,"Elsewhere Electric is the coolest combination of Portal and Severance you could imagine in a Meta Quest puzzle game, and it's all done alongside your best friend on a phone.",2025-07-24T15:02:16Z,0.0666666666666666,2025-07-24
META,Meta Names Shengjia Zhao As Chief Scientist of AI Superintelligence Unit,"Meta has appointed Shengjia Zhao as Chief Scientist of its new Meta Superintelligence Labs (MSL). Zhao was a former OpenAI researcher known for his work on ChatGPT, GPT-4, and the company's first AI reasoning model, o1. ""I'm excited to share that Shengjia Zha…",2025-07-26T00:50:00Z,0.1903409090909091,2025-07-26
META,"$100 million for an AI genius? It's a bargain, says former Google HR boss Laszlo Bock.","Google's former VP of HR Laszlo Bock said $100 million pay packages made sense in tech companies' escalating, winner-takes-all war for AI talent.",2025-07-22T09:01:01Z,0.0,2025-07-22
META,Meta’s breakthrough wants to let you control AR glasses just by moving your fingers,Meta’s Reality Labs just published a paper showing how wrist-based sEMG tech could reshape how we interact with computers.,2025-07-24T19:27:45Z,0.2,2025-07-24
META,Meta announces its Superintelligence Labs Chief Scientist: former OpenAI GPT-4 co-creator Shengjia Zhao,The move underscores Meta’s strategy of spending aggressively now to secure a dominant position in what it views as the next foundational technology platform.,2025-07-26T00:58:24Z,0.1333333333333333,2025-07-26
META,Anthropic's cofounder says Meta's 'mega-offers' weren't enough to lure his team,"Benjamin Mann said he doesn't blame anyone who takes Meta's offer.

""Other people have different life circumstances,"" he said.",2025-07-21T06:11:32Z,-0.0416666666666666,2025-07-21
META,"No, Instagram didn’t suspend Zohran Mamdani’s account for being ‘too socialist’","In a story published earlier this week, a site called “NYC Journals” claimed to have a bombshell: that Instagram had suspended the account of New York mayoral candidate Zohran Mamdani for being “too socialist.” The story claimed that Mamdani’s account was dow…",2025-07-24T21:04:19Z,0.0681818181818181,2025-07-24
META,"I took a 40% pay cut to make a career pivot. I had regrets at first, but it led me to my dream job at Meta.","When I applied to the job at Amazon, I knew I was taking a step back in my career, but I didn't realize I would be taking a 40% pay cut.",2025-07-20T09:29:01Z,0.0499999999999999,2025-07-20
META,Meta Is Breaking OpenAI $100 Million at a Time,"With reportedly $300 million pay packages, Mark Zuckerberg's company is dismantling its rivals to fast-track Meta's race to superintelligence.""",2025-07-22T23:25:24Z,0.0,2025-07-22
META,Meta’s Body-Reading Wristband Is Getting a Lot More Sophisticated,"Meta showed off its futuristic wristband again, this time with a scientific paper in the journal Nature.",2025-07-23T20:54:55Z,0.5,2025-07-23
NVDA,"NVDA Stock Price Prediction: Where Nvidia Could Be by 2025, 2026, 2030","Analysts are calling Nvidia the stock of the decade — with some forecasting a $1,000 share price by 2030 as AI demand skyrockets. Bullish on NVDA? You can...",2025-07-25T07:08:52Z,0.0,2025-07-25
NVDA,Why One Wall Street Analyst Is Growing More Bullish on This Nvidia Partner's Stock,Arm shares rose Monday as analysts at Wells Fargo raised their price target for the chip designer’s stock ahead of its quarterly earnings due next week.,2025-07-21T20:52:33Z,0.24375,2025-07-21
NVDA,NVIDIA Corporation (NVDA): A Bull Case Theory,"We came across a bullish thesis on NVIDIA Corporation on VantagePointAI’s Substack. In this article, we will summarize the bulls’ thesis on NVDA. NVIDIA...",2025-07-24T13:35:09Z,0.0,2025-07-24
NVDA,Nvidia Will Continue Controlling The AI Board,"Nvidia leads the AI ecosystem with unmatched dominance across hardware, software, and systems, fueling strong growth. See why NVDA stock is a buy.",2025-07-20T11:43:13Z,0.4333333333333333,2025-07-20
NVDA,Analyst Explains How NVIDIA (NVDA) Can Reach $8 Trillion Market Cap,"In This Article:
NVIDIA Corp (NASDAQ:NVDA) is one of the 10 Stocks to Buy and Sell in 2025: Top Analyst Calls.
Nigam Arora from The Arora Report said in a recent program on Schwab Network that NVIDIA Corp (NASDAQ:NVDA) can hit $8 trillion market cap. Here is …",2025-07-24T15:07:52Z,0.25,2025-07-24
NVDA,This Former AI Underdog Might Be the Next Nvidia,Palantir has moved on from the realm of potential to deliver solid results.,2025-07-23T17:36:27Z,0.0,2025-07-23
NVDA,"NVIDIA Corporation (NVDA)’s Going To Have A Good Quarter, Says Jim Cramer",We recently published 12 Stocks Jim Cramer Discussed As Analyzed Morgan Stanley’s Comments. NVIDIA Corporation (NASDAQ:NVDA) is one of the stocks Jim Cramer ...,2025-07-24T13:49:58Z,0.35,2025-07-24
NVDA,NVIDIA (NVDA) Analysts See Long-Term Upside as AI Exports to China Get Green Light,,2025-07-22T16:21:52Z,0.1,2025-07-22
NVDA,Edera Joins NVIDIA (NVDA) Inception Program To Advance AI Security Solutions,"NVIDIA (NVDA) experienced a 56% price surge in the last quarter, benefiting partly from its strategic acceptance into the NVIDIA Inception Program and its...",2025-07-25T17:20:19Z,0.4,2025-07-25
NVDA,Analyst Explains How NVIDIA (NVDA) Can Reach $8 Trillion Market Cap,NVIDIA Corp (NASDAQ:NVDA) is one of the 10 Stocks to Buy and Sell in 2025: Top Analyst Calls. Nigam Arora from The Arora Report said in a recent program on...,2025-07-24T14:52:14Z,0.25,2025-07-24
NVDA,Nvidia Stock To Crash In 2025?,"Customer concentration is an issue. In Q1 FY’26, Nvidia disclosed that one customer accounted for 16% of revenue and another for 14%.",2025-07-22T12:56:21Z,0.0,2025-07-22
NVDA,"Schwab Expands 24-Hour Trading to 1,100 Securities","Charles Schwab said Monday it is adding more securities, primarily ETFs, for 24-hour trading, bringing the total to 1,100 stocks and funds that retail...",2025-07-21T15:07:16Z,0.3,2025-07-21
NVDA,Texas Instruments Stock Slumps on Soft Profit Forecast,Texas Instruments shares dropped in extended trading Tuesday as the company issued a soft profit forecast.,2025-07-22T20:49:46Z,0.1,2025-07-22
NVDA,Dan Niles Explains Why He Turned Bullish on NVIDIA (NVDA),"Nvidia is one of the 10 Buzzing Stocks Everyone is Talking About. Dan Niles, Niles Investment Management founder and portfolio manager, said in a recent...",2025-07-23T13:50:22Z,0.0,2025-07-23
NVDA,BofA Raises NVIDIA (NVDA) Price Target on China Sales Outlook,NVIDIA Corporation (NASDAQ:NVDA) ranks among the best magic formula stocks to invest in. BofA Securities kept its Buy rating on NVIDIA Corporation...,2025-07-25T03:49:07Z,0.75,2025-07-25
NVDA,NVIDIA Corporation (NVDA) Surged in Q2. Here’s Why,"Sands Capital, an investment management company, released its “Sands Capital Technology Innovators Fund” Q2 2025 investor letter. A copy of the letter can be...",2025-07-25T11:18:18Z,0.0,2025-07-25
NVDA,Here's What You Need to Know Ahead of Google Parent Alphabet's Earnings Today,"Google parent Alphabet is set to post second-quarter earnings after the market closes Wednesday, with investors likely to be watching its cloud and...",2025-07-23T17:08:47Z,0.0,2025-07-23
NVDA,Arm Rises 3% as Wells Fargo Lifts Price Target to $175,Driven by expanding AI opportunities,2025-07-22T20:47:56Z,0.0,2025-07-22
NVDA,Nvidia Stock Warning: This NVDA Challenger Just Scored a Major Customer,South Korean startup FuriosaAI says it has landed LG as its first major customer. Here’s why the announcement is significant for Nvidia investors.,2025-07-22T18:40:49Z,0.1875,2025-07-22
NVDA,"Nvidia (NVDA) Named a Top Pick Ahead of Earnings, Says Morgan Stanley",,2025-07-24T00:20:38Z,0.5,2025-07-24
JPM,"Billionaire Peter Thiel is Betting Big on Stablecoins. Should You Buy the ""MicroStrategy of Ethereum,"" Too?",A new crypto trade just caught fire as stablecoin legislation sailed through Congress.,2025-07-23T15:59:54Z,0.0681818181818181,2025-07-23
JPM,Bank Of America Vs. JPMorgan: The Best Bank Stock To Buy For Q3 2025,Best bank stock for Q3 2025: Bank of America or JPMorgan? Check this breakdown of BAC vs. JPM to guide your investment decision.,2025-07-24T20:07:57Z,1.0,2025-07-24
JPM,JPMorgan Chase & Co. (JPM) Exploring Issuing Cryptocurrency-Backed Loans,"JPMorgan Chase & Co. (NYSE:JPM) is one of the best 52-week high stocks to buy now. On July 22, it emerged that the company is exploring the possibility of...",2025-07-25T16:10:11Z,0.58,2025-07-25
JPM,Judge grants injunction against JPMorgan to Viva Wallet directors,U.K. Judge David Foxton stopped the bank from suing the directors of Viva Wallet in Greece on grounds that the fintech violated its agreement with majority...,2025-07-21T12:26:42Z,0.0,2025-07-21
JPM,JPMorgan Wants In on the Stablecoin Pie. Should You Buy JPM Stock First?,,2025-07-21T19:52:09Z,0.225,2025-07-21
JPM,"JPMorgan Q2 ETF Assets Surged 47% on Flows, Market Gains",- JPMorgan said its ETF assets jumped to $275.5B. - The world’s biggest bank by assets noted active flows have increased 34% so far this year.,2025-07-23T20:30:00Z,-0.0166666666666666,2025-07-23
JPM,What You Need to Know Ahead of Apollo Global Management's Earnings Release,"Apollo Global Management is expected to release its second-quarter earnings next month, with analysts anticipating double-digit bottom-line growth.",2025-07-21T12:08:48Z,-0.025,2025-07-21
JPM,Tesla stock in search of an earnings charge: Opening Bid top takeaways,Tesla bulls could use an upbeat earnings day. Same for Alphabet.,2025-07-21T16:31:02Z,0.25,2025-07-21
JPM,Second Quarter Earnings Season Update: Banks Beat,"Banks got the second quarter earnings season off to a strong start. 110 S&P 500 companies are scheduled for this week, including two of the crucial Magnificent 7.",2025-07-20T11:00:00Z,0.2866666666666667,2025-07-20
JPM,Miss The April Dip? This Big Dividend Still Sells For 20% Off,"I don’t have to tell you this market is “pricey”—levitating from all-time high to all-time high. That’s got a lot of investors stuck on the sidelines, too afraid to buy.",2025-07-22T14:00:00Z,-0.0699999999999999,2025-07-22
JPM,Defiance Launches JPX: The First 2X Leveraged ETF on JPM (JP Morgan),Defiance Launches JPX: The First 2X Leveraged ETF on JPM (JP Morgan) ......,2025-07-24T06:55:00Z,0.25,2025-07-24
JPM,Coinbase and PNC to work together as crypto reaches for Main Street,The largest US cryptocurrency exchange and a Pittsburgh regional lender announced a strategic partnership on Tuesday that shows how upstart crypto and old...,2025-07-22T14:00:03Z,0.1333333333333333,2025-07-22
JPM,JPMorgan Chase & Co. (JPM) Exploring Issuing Cryptocurrency-Backed Loans,"In This Article:
JPMorgan Chase & Co. (NYSE:JPM) is one of the best 52-week high stocks to buy now. On July 22, it emerged that the company is exploring the possibility of offering loans backed by clients’ cryptocurrency holdings. The company could offer loan…",2025-07-25T16:24:20Z,0.58,2025-07-25
JPM,JPMorgan Wants In on the Stablecoin Pie. Should You Buy JPM Stock First?,,2025-07-21T19:55:27Z,0.225,2025-07-21
JPM,"Crypto Inflows Surge to $60B Year-to-Date, Outpacing Private Equity: JPMorgan","Capital is flooding into digital assets at a record pace this year, according to Wall Street bank JPMorgan (JPM), marking a sharp contrast with declining flows into private equity and private credit markets.
JPMorgan estimates that net capital inflows into di…",2025-07-24T12:31:30Z,-0.0208333333333333,2025-07-24
JPM,How the dropping dollar could scramble Trump's agenda,"A drop in the US dollar over the first six months of President Trump's new term could have wide-ranging effects, from how tariffs are felt to Federal Reserve...",2025-07-23T08:00:56Z,0.1931818181818181,2025-07-23
JPM,Bank Stocks To Follow Now – July 18th,"Invesco QQQ, Charles Schwab, and JPMorgan Chase & Co. are the three Bank stocks to watch today, according to MarketBeat’s stock screener tool. Bank stocks are equity securities issued by publicly traded banking institutions, representing ownership stakes in t…",2025-07-20T05:10:43Z,0.0,2025-07-20
JPM,JPMorgan Chase & Co. (NYSE:JPM) Stock Position Trimmed by Wilkinson Global Asset Management LLC,"Wilkinson Global Asset Management LLC lessened its holdings in JPMorgan Chase & Co. (NYSE:JPM) by 1.5% during the first quarter, Holdings Channel.com reports. The firm owned 448,529 shares of the financial services provider’s stock after selling 6,879 shares …",2025-07-20T10:16:53Z,0.0099999999999999,2025-07-20
JPM,Whitener Capital Management Inc. Lowers Stock Holdings in JPMorgan Chase & Co. (NYSE:JPM),"Whitener Capital Management Inc. reduced its holdings in JPMorgan Chase & Co. (NYSE:JPM) by 0.4% during the 1st quarter, Holdings Channel reports. The fund owned 79,496 shares of the financial services provider’s stock after selling 341 shares during the quar…",2025-07-20T10:16:50Z,0.0,2025-07-20
JPM,Morningstar Investment Services LLC Has $7.21 Million Stock Position in JPMorgan Chase & Co. (NYSE:JPM),"Morningstar Investment Services LLC reduced its holdings in shares of JPMorgan Chase & Co. (NYSE:JPM) by 51.7% in the first quarter, according to its most recent Form 13F filing with the Securities and Exchange Commission (SEC). The fund owned 29,387 shares o…",2025-07-25T07:54:48Z,0.1625,2025-07-25
XOM,"Earnings live: Puma plunges, Deckers beats, Intel sags amid cost cuts","This week, 112 S&P 500 companies report Q2 results in a busy week for corporate earnings reports.",2025-07-25T11:57:10Z,0.0787878787878787,2025-07-25
XOM,This Oil Supermajor is Known for its High Shareholder Returns,"Exxon Mobil Corporation (NYSE:XOM) is included among the 12 Best Oil and Gas Dividend Stocks to Buy Now. Known for its high payouts to shareholders, Exxon...",2025-07-21T15:06:58Z,0.4399999999999999,2025-07-21
XOM,Suncor Energy: From Sand To Profits,"While the summer sun may be blazing outside, steady, thoughtful decision-making remains the best way to navigate the markets.",2025-07-23T14:04:30Z,0.3916666666666666,2025-07-23
XOM,Best Lithium Stocks To Consider – July 23rd,"Exxon Mobil, QuantumScape, and Albemarle are the three Lithium stocks to watch today, according to MarketBeat’s stock screener tool. Lithium stocks are shares of publicly traded companies involved in the exploration, mining, processing or refining of lithium—…",2025-07-25T09:22:57Z,0.5,2025-07-25
XOM,Promising Energy Stocks To Research – July 19th,"Tesla, Chevron, Broadcom, Exxon Mobil, and Synopsys are the five Energy stocks to watch today, according to MarketBeat’s stock screener tool. Energy stocks are shares of companies involved in the exploration, production, refining, distribution, or sale of ene…",2025-07-21T06:40:45Z,0.2,2025-07-21
XOM,Oil Stocks To Keep An Eye On – July 21st,"Chevron, Exxon Mobil, and Cheniere Energy are the three Oil stocks to watch today, according to MarketBeat’s stock screener tool. Oil stocks are equity securities representing ownership in companies involved in the exploration, extraction, refining and distri…",2025-07-23T06:34:51Z,0.0,2025-07-23
XOM,Manufacturing Stocks To Follow Today – July 19th,"Taiwan Semiconductor Manufacturing, Exxon Mobil, and Oracle are the three Manufacturing stocks to watch today, according to MarketBeat’s stock screener tool. Manufacturing stocks, also known as inventory, are the materials and goods a manufacturing company ho…",2025-07-21T06:06:48Z,0.0,2025-07-21
XOM,Promising Hydrogen Stocks To Follow Today – July 21st,"Exxon Mobil, NuScale Power, Linde, Plug Power, and Cummins are the five Hydrogen stocks to watch today, according to MarketBeat’s stock screener tool. Hydrogen stocks are equity shares in companies involved in the production, storage, distribution and end-use…",2025-07-23T07:06:59Z,0.1,2025-07-23
XOM,Best Oil Stocks To Follow Today – July 19th,"Chevron, Exxon Mobil, Norfolk Southern, Talen Energy, and Cheniere Energy are the five Oil stocks to watch today, according to MarketBeat’s stock screener tool. Oil stocks are shares of publicly traded companies involved in the exploration, extraction, refini…",2025-07-21T06:06:48Z,0.3333333333333333,2025-07-21
XOM,Promising Oil Stocks To Research – July 18th,"Chevron, Exxon Mobil, Talen Energy, Norfolk Southern, and Schlumberger are the five Oil stocks to watch today, according to MarketBeat’s stock screener tool. Oil stocks are the volumes of crude oil and refined petroleum products held in storage by producers, …",2025-07-20T05:09:00Z,-0.1666666666666666,2025-07-20
XOM,"GW&K Investment Management LLC Has $452,000 Position in Exxon Mobil Corporation (NYSE:XOM)","GW&K Investment Management LLC grew its stake in Exxon Mobil Corporation (NYSE:XOM – Free Report) by 11.6% in the 1st quarter, according to the company in its most recent disclosure with the Securities and Exchange Commission. The firm owned 3,797 shares of t…",2025-07-24T08:36:54Z,0.175,2025-07-24
XOM,Q3 EPS Estimates for Exxon Mobil Increased by Zacks Research,"Exxon Mobil Corporation (NYSE:XOM – Free Report) – Analysts at Zacks Research boosted their Q3 2025 earnings estimates for shares of Exxon Mobil in a report issued on Tuesday, July 22nd. Zacks Research analyst R. Department now expects that the oil and gas co…",2025-07-25T07:36:59Z,0.4,2025-07-25
XOM,Top Hydrogen Stocks To Watch Today – July 18th,"Exxon Mobil, NuScale Power, Linde, Ingersoll Rand, Shell, Energy Transfer, and Plug Power are the seven Hydrogen stocks to watch today, according to MarketBeat’s stock screener tool. Hydrogen stocks are equity shares of companies involved in producing, storin…",2025-07-20T05:09:05Z,0.5,2025-07-20
XOM,Q2 EPS Estimates for Exxon Mobil Raised by Zacks Research,"Exxon Mobil Corporation (NYSE:XOM – Free Report) – Research analysts at Zacks Research raised their Q2 2025 earnings per share estimates for Exxon Mobil in a note issued to investors on Wednesday, July 16th. Zacks Research analyst R. Department now expects th…",2025-07-22T05:07:03Z,0.4,2025-07-22
